NAME,GEOIDFQ,YEAR,FUEL_TYPE,METRIC,VALUE
Ashley Village,M100000US3902582,2022,Solar,Facilities,1.0
Bainbridge Village,M100000US3903604,2021,Solar,Facilities,1.0
Bainbridge Village,M100000US3903604,2023,Solar,Facilities,1.0
Baltimore Village,M100000US3903758,2017,Solar,Facilities,1.0
Baltimore Village,M100000US3903758,2019,Solar,Facilities,1.0
Baltimore Village,M100000US3903758,2020,Solar,Facilities,3.0
Baltimore Village,M100000US3903758,2021,Solar,Facilities,2.0
Baltimore Village,M100000US3903758,2022,Solar,Facilities,2.0
Baltimore Village,M100000US3903758,2023,Solar,Facilities,2.0
Berkshire Township,M100000US390410577499999,2014,Solar,Facilities,1.0
Berkshire Township,M100000US390410577499999,2018,Solar,Facilities,1.0
Berkshire Township,M100000US390410577499999,2019,Solar,Facilities,3.0
Berkshire Township,M100000US390410577499999,2020,Solar,Facilities,3.0
Berkshire Township,M100000US390410577499999,2021,Solar,Facilities,2.0
Berkshire Township,M100000US390410577499999,2022,Solar,Facilities,4.0
Berkshire Township,M100000US390410577499999,2023,Solar,Facilities,8.0
Berkshire Township,M100000US390410577499999,2024,Energy Storage,Facilities,1.0
Berkshire Township,M100000US390410577499999,2024,Solar,Facilities,4.0
Berlin Township,M100000US390410578899999,2009,Solar,Facilities,2.0
Berlin Township,M100000US390410578899999,2013,Solar,Facilities,1.0
Berlin Township,M100000US390410578899999,2015,Solar,Facilities,1.0
Berlin Township,M100000US390410578899999,2016,Solar,Facilities,1.0
Berlin Township,M100000US390410578899999,2018,Solar,Facilities,1.0
Berlin Township,M100000US390410578899999,2019,Solar,Facilities,2.0
Berlin Township,M100000US390410578899999,2020,Solar,Facilities,6.0
Berlin Township,M100000US390410578899999,2021,Energy Storage,Facilities,1.0
Berlin Township,M100000US390410578899999,2021,Solar,Facilities,5.0
Berlin Township,M100000US390410578899999,2022,Solar,Facilities,12.0
Berlin Township,M100000US390410578899999,2023,Energy Storage,Facilities,1.0
Berlin Township,M100000US390410578899999,2023,Solar,Facilities,11.0
Berlin Township,M100000US390410578899999,2024,Solar,Facilities,9.0
Brown Township,M100000US390410942899999,2013,Solar,Facilities,1.0
Brown Township,M100000US390410942899999,2017,Solar,Facilities,1.0
Brown Township,M100000US390410942899999,2018,Solar,Facilities,2.0
Brown Township,M100000US390410942899999,2019,Solar,Facilities,1.0
Brown Township,M100000US390410942899999,2020,Solar,Facilities,1.0
Brown Township,M100000US390410942899999,2021,Solar,Facilities,1.0
Brown Township,M100000US390410942899999,2022,Solar,Facilities,1.0
Concord Township,M100000US390411814099999,2014,Solar,Facilities,2.0
Concord Township,M100000US390411814099999,2015,Solar,Facilities,1.0
Concord Township,M100000US390411814099999,2016,Solar,Facilities,1.0
Concord Township,M100000US390411814099999,2017,Solar,Facilities,1.0
Concord Township,M100000US390411814099999,2018,Solar,Facilities,3.0
Concord Township,M100000US390411814099999,2019,Solar,Facilities,4.0
Concord Township,M100000US390411814099999,2020,Solar,Facilities,2.0
Concord Township,M100000US390411814099999,2021,Solar,Facilities,12.0
Concord Township,M100000US390411814099999,2022,Solar,Facilities,12.0
Concord Township,M100000US390411814099999,2023,Solar,Facilities,17.0
Concord Township,M100000US390411814099999,2024,Energy Storage,Facilities,1.0
Concord Township,M100000US390411814099999,2024,Solar,Facilities,16.0
Delaware Township,M100000US390412144899999,2012,Solar,Facilities,1.0
Delaware Township,M100000US390412144899999,2013,Solar,Facilities,1.0
Delaware Township,M100000US390412144899999,2016,Solar,Facilities,1.0
Delaware Township,M100000US390412144899999,2017,Solar,Facilities,1.0
Delaware Township,M100000US390412144899999,2018,Solar,Facilities,2.0
Delaware Township,M100000US390412144899999,2019,Solar,Facilities,1.0
Delaware Township,M100000US390412144899999,2020,Solar,Facilities,2.0
Delaware Township,M100000US390412144899999,2021,Solar,Facilities,2.0
Delaware Township,M100000US390412144899999,2022,Solar,Facilities,2.0
Delaware Township,M100000US390412144899999,2023,Solar,Facilities,4.0
Delaware Township,M100000US390412144899999,2024,Solar,Facilities,2.0
Genoa Township,M100000US390412969499999,2013,Solar,Facilities,2.0
Genoa Township,M100000US390412969499999,2015,Solar,Facilities,1.0
Genoa Township,M100000US390412969499999,2016,Solar,Facilities,3.0
Genoa Township,M100000US390412969499999,2017,Solar,Facilities,1.0
Genoa Township,M100000US390412969499999,2018,Solar,Facilities,2.0
Genoa Township,M100000US390412969499999,2019,Solar,Facilities,5.0
Genoa Township,M100000US390412969499999,2020,Solar,Facilities,5.0
Genoa Township,M100000US390412969499999,2021,Solar,Facilities,10.0
Genoa Township,M100000US390412969499999,2022,Energy Storage,Facilities,1.0
Genoa Township,M100000US390412969499999,2022,Solar,Facilities,13.0
Genoa Township,M100000US390412969499999,2023,Solar,Facilities,16.0
Genoa Township,M100000US390412969499999,2024,Energy Storage,Facilities,2.0
Genoa Township,M100000US390412969499999,2024,Solar,Facilities,9.0
Harlem Township,M100000US390413351699999,2013,Solar,Facilities,1.0
Harlem Township,M100000US390413351699999,2014,Solar,Facilities,1.0
Harlem Township,M100000US390413351699999,2015,Solar,Facilities,1.0
Harlem Township,M100000US390413351699999,2017,Solar,Facilities,1.0
Harlem Township,M100000US390413351699999,2018,Solar,Facilities,3.0
Harlem Township,M100000US390413351699999,2019,Solar,Facilities,3.0
Harlem Township,M100000US390413351699999,2020,Solar,Facilities,2.0
Harlem Township,M100000US390413351699999,2021,Solar,Facilities,4.0
Harlem Township,M100000US390413351699999,2022,Energy Storage,Facilities,1.0
Harlem Township,M100000US390413351699999,2022,Solar,Facilities,3.0
Harlem Township,M100000US390413351699999,2023,Energy Storage,Facilities,1.0
Harlem Township,M100000US390413351699999,2023,Solar,Facilities,4.0
Harlem Township,M100000US390413351699999,2024,Solar,Facilities,3.0
Kingston Township,M100000US390414036299999,2021,Solar,Facilities,1.0
Liberty Township,M100000US390414310699999,2004,Wind,Facilities,1.0
Liberty Township,M100000US390414310699999,2010,Solar,Facilities,1.0
Liberty Township,M100000US390414310699999,2013,Solar,Facilities,1.0
Liberty Township,M100000US390414310699999,2014,Solar,Facilities,3.0
Liberty Township,M100000US390414310699999,2015,Solar,Facilities,1.0
Liberty Township,M100000US390414310699999,2016,Solar,Facilities,1.0
Liberty Township,M100000US390414310699999,2017,Solar,Facilities,5.0
Liberty Township,M100000US390414310699999,2018,Solar,Facilities,1.0
Liberty Township,M100000US390414310699999,2019,Solar,Facilities,5.0
Liberty Township,M100000US390414310699999,2020,Energy Storage,Facilities,2.0
Liberty Township,M100000US390414310699999,2020,Solar,Facilities,10.0
Liberty Township,M100000US390414310699999,2021,Solar,Facilities,9.0
Liberty Township,M100000US390414310699999,2022,Solar,Facilities,10.0
Liberty Township,M100000US390414310699999,2023,Solar,Facilities,21.0
Liberty Township,M100000US390414310699999,2024,Solar,Facilities,14.0
Marlboro Township,M100000US390414790899999,2019,Solar,Facilities,1.0
Orange Township,M100000US390415861899999,2012,Solar,Facilities,1.0
Orange Township,M100000US390415861899999,2013,Solar,Facilities,1.0
Orange Township,M100000US390415861899999,2015,Solar,Facilities,3.0
Orange Township,M100000US390415861899999,2016,Solar,Facilities,1.0
Orange Township,M100000US390415861899999,2017,Solar,Facilities,1.0
Orange Township,M100000US390415861899999,2018,Solar,Facilities,4.0
Orange Township,M100000US390415861899999,2019,Solar,Facilities,11.0
Orange Township,M100000US390415861899999,2020,Solar,Facilities,11.0
Orange Township,M100000US390415861899999,2021,Solar,Facilities,23.0
Orange Township,M100000US390415861899999,2022,Energy Storage,Facilities,2.0
Orange Township,M100000US390415861899999,2022,Solar,Facilities,29.0
Orange Township,M100000US390415861899999,2023,Solar,Facilities,35.0
Orange Township,M100000US390415861899999,2024,Solar,Facilities,15.0
Oxford Township,M100000US390415926299999,2021,Solar,Facilities,1.0
Oxford Township,M100000US390415926299999,2022,Solar,Facilities,1.0
Porter Township,M100000US390416417899999,2019,Solar,Facilities,2.0
Porter Township,M100000US390416417899999,2020,Solar,Facilities,1.0
Radnor Township,M100000US390416531299999,2017,Solar,Facilities,1.0
Radnor Township,M100000US390416531299999,2018,Solar,Facilities,2.0
Radnor Township,M100000US390416531299999,2019,Solar,Facilities,1.0
Radnor Township,M100000US390416531299999,2021,Solar,Facilities,1.0
Radnor Township,M100000US390416531299999,2022,Solar,Facilities,3.0
Radnor Township,M100000US390416531299999,2023,Energy Storage,Facilities,1.0
Radnor Township,M100000US390416531299999,2023,Solar,Facilities,1.0
Scioto Township,M100000US390417084299999,2009,Wind,Facilities,1.0
Scioto Township,M100000US390417084299999,2016,Solar,Facilities,1.0
Scioto Township,M100000US390417084299999,2017,Solar,Facilities,1.0
Scioto Township,M100000US390417084299999,2019,Solar,Facilities,1.0
Scioto Township,M100000US390417084299999,2022,Solar,Facilities,1.0
Scioto Township,M100000US390417084299999,2023,Solar,Facilities,1.0
Scioto Township,M100000US390417084299999,2024,Solar,Facilities,1.0
Trenton Township,M100000US390417733699999,2013,Energy Storage,Facilities,1.0
Trenton Township,M100000US390417733699999,2015,Solar,Facilities,1.0
Trenton Township,M100000US390417733699999,2016,Solar,Facilities,1.0
Trenton Township,M100000US390417733699999,2020,Solar,Facilities,5.0
Trenton Township,M100000US390417733699999,2021,Energy Storage,Facilities,1.0
Trenton Township,M100000US390417733699999,2021,Solar,Facilities,3.0
Trenton Township,M100000US390417733699999,2022,Solar,Facilities,2.0
Trenton Township,M100000US390417733699999,2023,Solar,Facilities,2.0
Trenton Township,M100000US390417733699999,2024,Solar,Facilities,3.0
Troy Township,M100000US390417756099999,2014,Solar,Facilities,1.0
Troy Township,M100000US390417756099999,2015,Solar,Facilities,1.0
Troy Township,M100000US390417756099999,2016,Solar,Facilities,3.0
Troy Township,M100000US390417756099999,2018,Solar,Facilities,1.0
Troy Township,M100000US390417756099999,2019,Solar,Facilities,5.0
Troy Township,M100000US390417756099999,2020,Solar,Facilities,1.0
Troy Township,M100000US390417756099999,2021,Solar,Facilities,1.0
Troy Township,M100000US390417756099999,2022,Solar,Facilities,1.0
Troy Township,M100000US390417756099999,2023,Solar,Facilities,3.0
Berne Township,M100000US390450595699999,2010,Solar,Facilities,1.0
Berne Township,M100000US390450595699999,2011,Solar,Facilities,1.0
Berne Township,M100000US390450595699999,2013,Solar,Facilities,1.0
Berne Township,M100000US390450595699999,2016,Solar,Facilities,1.0
Berne Township,M100000US390450595699999,2019,Solar,Facilities,5.0
Berne Township,M100000US390450595699999,2020,Solar,Facilities,5.0
Berne Township,M100000US390450595699999,2021,Solar,Facilities,1.0
Berne Township,M100000US390450595699999,2022,Solar,Facilities,1.0
Berne Township,M100000US390450595699999,2023,Solar,Facilities,2.0
Berne Township,M100000US390450595699999,2024,Solar,Facilities,2.0
Greenfield Township,M100000US390453206099999,2021,Solar,Facilities,1.0
Hocking Township,M100000US390453581299999,2019,Solar,Facilities,1.0
Hocking Township,M100000US390453581299999,2020,Solar,Facilities,1.0
Hocking Township,M100000US390453581299999,2021,Solar,Facilities,1.0
Hocking Township,M100000US390453581299999,2023,Solar,Facilities,1.0
Liberty Township,M100000US390454312099999,2012,Solar,Facilities,1.0
Liberty Township,M100000US390454312099999,2016,Solar,Facilities,1.0
Liberty Township,M100000US390454312099999,2019,Solar,Facilities,1.0
Liberty Township,M100000US390454312099999,2021,Solar,Facilities,1.0
Liberty Township,M100000US390454312099999,2022,Solar,Facilities,2.0
Liberty Township,M100000US390454312099999,2024,Solar,Facilities,2.0
Madison Township,M100000US390454638299999,2019,Solar,Facilities,1.0
Pleasant Township,M100000US390456324099999,2019,Solar,Facilities,1.0
Pleasant Township,M100000US390456324099999,2020,Solar,Facilities,1.0
Pleasant Township,M100000US390456324099999,2021,Solar,Facilities,2.0
Pleasant Township,M100000US390456324099999,2022,Solar,Facilities,4.0
Pleasant Township,M100000US390456324099999,2023,Solar,Facilities,1.0
Pleasant Township,M100000US390456324099999,2024,Solar,Facilities,4.0
Richland Township,M100000US390456668499999,2019,Solar,Facilities,1.0
Richland Township,M100000US390456668499999,2021,Solar,Facilities,1.0
Richland Township,M100000US390456668499999,2023,Solar,Facilities,1.0
Richland Township,M100000US390456668499999,2024,Solar,Facilities,2.0
Rush Creek Township,M100000US390456912099999,2015,Solar,Facilities,1.0
Rush Creek Township,M100000US390456912099999,2018,Solar,Facilities,1.0
Violet Township,M100000US390458020699999,2018,Solar,Facilities,1.0
Violet Township,M100000US390458020699999,2019,Solar,Facilities,1.0
Violet Township,M100000US390458020699999,2021,Solar,Facilities,1.0
Violet Township,M100000US390458020699999,2022,Solar,Facilities,2.0
Violet Township,M100000US390458020699999,2024,Solar,Facilities,4.0
Walnut Township,M100000US390458057099999,2010,Solar,Facilities,1.0
Walnut Township,M100000US390458057099999,2012,Solar,Facilities,1.0
Walnut Township,M100000US390458057099999,2012,Wind,Facilities,1.0
Walnut Township,M100000US390458057099999,2013,Solar,Facilities,1.0
Walnut Township,M100000US390458057099999,2015,Solar,Facilities,1.0
Walnut Township,M100000US390458057099999,2018,Solar,Facilities,1.0
Walnut Township,M100000US390458057099999,2019,Solar,Facilities,2.0
Walnut Township,M100000US390458057099999,2021,Solar,Facilities,4.0
Walnut Township,M100000US390458057099999,2022,Solar,Facilities,3.0
Walnut Township,M100000US390458057099999,2023,Solar,Facilities,4.0
Concord Township,M100000US390471815499999,2019,Solar,Facilities,1.0
Concord Township,M100000US390471815499999,2020,Solar,Facilities,2.0
Concord Township,M100000US390471815499999,2021,Solar,Facilities,2.0
Concord Township,M100000US390471815499999,2022,Solar,Facilities,1.0
Green Township,M100000US390473172499999,2022,Solar,Facilities,1.0
Jefferson Township,M100000US390473859899999,2016,Solar,Facilities,1.0
Jefferson Township,M100000US390473859899999,2021,Solar,Facilities,1.0
Jefferson Township,M100000US390473859899999,2022,Solar,Facilities,2.0
Jefferson Township,M100000US390473859899999,2024,Solar,Facilities,3.0
Madison Township,M100000US390474639699999,2010,Solar,Facilities,1.0
Madison Township,M100000US390474639699999,2014,Solar,Facilities,1.0
Madison Township,M100000US390474639699999,2015,Solar,Facilities,1.0
Madison Township,M100000US390474639699999,2020,Solar,Facilities,2.0
Madison Township,M100000US390474639699999,2021,Solar,Facilities,1.0
Madison Township,M100000US390474639699999,2022,Solar,Facilities,1.0
Madison Township,M100000US390474639699999,2023,Solar,Facilities,1.0
Marion Township,M100000US390474768499999,2012,Solar,Facilities,1.0
Marion Township,M100000US390474768499999,2014,Solar,Facilities,1.0
Marion Township,M100000US390474768499999,2019,Solar,Facilities,2.0
Paint Township,M100000US390475948699999,2021,Solar,Facilities,1.0
Paint Township,M100000US390475948699999,2022,Solar,Facilities,1.0
Paint Township,M100000US390475948699999,2023,Solar,Facilities,1.0
Union Township,M100000US390477831699999,2011,Solar,Facilities,1.0
Union Township,M100000US390477831699999,2012,Solar,Facilities,1.0
Union Township,M100000US390477831699999,2019,Solar,Facilities,1.0
Union Township,M100000US390477831699999,2020,Solar,Facilities,2.0
Union Township,M100000US390477831699999,2021,Solar,Facilities,2.0
Union Township,M100000US390477831699999,2022,Solar,Facilities,2.0
Wayne Township,M100000US390478216699999,2019,Solar,Facilities,2.0
Wayne Township,M100000US390478216699999,2022,Solar,Facilities,2.0
Wayne Township,M100000US390478216699999,2023,Solar,Facilities,1.0
Wayne Township,M100000US390478216699999,2024,Solar,Facilities,1.0
Blendon Township,M100000US390490692299999,2014,Solar,Facilities,1.0
Blendon Township,M100000US390490692299999,2017,Solar,Facilities,1.0
Blendon Township,M100000US390490692299999,2019,Solar,Facilities,3.0
Blendon Township,M100000US390490692299999,2020,Solar,Facilities,2.0
Blendon Township,M100000US390490692299999,2021,Solar,Facilities,2.0
Blendon Township,M100000US390490692299999,2022,Solar,Facilities,7.0
Blendon Township,M100000US390490692299999,2023,Solar,Facilities,5.0
Blendon Township,M100000US390490692299999,2024,Solar,Facilities,17.0
Brown Township,M100000US390490944299999,2012,Solar,Facilities,1.0
Brown Township,M100000US390490944299999,2013,Solar,Facilities,1.0
Brown Township,M100000US390490944299999,2013,Wind,Facilities,1.0
Brown Township,M100000US390490944299999,2015,Solar,Facilities,2.0
Brown Township,M100000US390490944299999,2016,Solar,Facilities,2.0
Brown Township,M100000US390490944299999,2017,Solar,Facilities,1.0
Brown Township,M100000US390490944299999,2019,Solar,Facilities,1.0
Brown Township,M100000US390490944299999,2020,Solar,Facilities,4.0
Brown Township,M100000US390490944299999,2021,Solar,Facilities,11.0
Brown Township,M100000US390490944299999,2022,Energy Storage,Facilities,1.0
Brown Township,M100000US390490944299999,2022,Solar,Facilities,3.0
Brown Township,M100000US390490944299999,2023,Solar,Facilities,2.0
Brown Township,M100000US390490944299999,2024,Solar,Facilities,5.0
Clinton Township,M100000US390491611299999,2014,Solar,Facilities,1.0
Clinton Township,M100000US390491611299999,2018,Solar,Facilities,3.0
Clinton Township,M100000US390491611299999,2021,Solar,Facilities,3.0
Clinton Township,M100000US390491611299999,2022,Solar,Facilities,2.0
Clinton Township,M100000US390491611299999,2023,Solar,Facilities,4.0
Clinton Township,M100000US390491611299999,2024,Energy Storage,Facilities,2.0
Clinton Township,M100000US390491611299999,2024,Solar,Facilities,4.0
Franklin Township,M100000US390492828099999,2006,Solar,Facilities,1.0
Franklin Township,M100000US390492828099999,2013,Solar,Facilities,1.0
Franklin Township,M100000US390492828099999,2018,Solar,Facilities,2.0
Franklin Township,M100000US390492828099999,2019,Solar,Facilities,1.0
Franklin Township,M100000US390492828099999,2020,Solar,Facilities,3.0
Franklin Township,M100000US390492828099999,2021,Solar,Facilities,4.0
Franklin Township,M100000US390492828099999,2022,Energy Storage,Facilities,1.0
Franklin Township,M100000US390492828099999,2022,Solar,Facilities,6.0
Franklin Township,M100000US390492828099999,2023,Solar,Facilities,5.0
Franklin Township,M100000US390492828099999,2024,Solar,Facilities,7.0
Hamilton Township,M100000US390493302699999,2019,Solar,Facilities,1.0
Hamilton Township,M100000US390493302699999,2020,Solar,Facilities,1.0
Hamilton Township,M100000US390493302699999,2021,Solar,Facilities,3.0
Hamilton Township,M100000US390493302699999,2022,Solar,Facilities,3.0
Hamilton Township,M100000US390493302699999,2023,Solar,Facilities,3.0
Hamilton Township,M100000US390493302699999,2024,Solar,Facilities,7.0
Jackson Township,M100000US390493777299999,2016,Solar,Facilities,4.0
Jackson Township,M100000US390493777299999,2018,Solar,Facilities,1.0
Jackson Township,M100000US390493777299999,2019,Solar,Facilities,6.0
Jackson Township,M100000US390493777299999,2020,Solar,Facilities,3.0
Jackson Township,M100000US390493777299999,2021,Solar,Facilities,6.0
Jackson Township,M100000US390493777299999,2022,Solar,Facilities,3.0
Jackson Township,M100000US390493777299999,2023,Solar,Facilities,8.0
Jackson Township,M100000US390493777299999,2024,Solar,Facilities,2.0
Jefferson Township,M100000US390493861299999,2001,Wind,Facilities,1.0
Jefferson Township,M100000US390493861299999,2011,Solar,Facilities,1.0
Jefferson Township,M100000US390493861299999,2012,Solar,Facilities,2.0
Jefferson Township,M100000US390493861299999,2013,Solar,Facilities,1.0
Jefferson Township,M100000US390493861299999,2014,Solar,Facilities,1.0
Jefferson Township,M100000US390493861299999,2017,Solar,Facilities,6.0
Jefferson Township,M100000US390493861299999,2018,Solar,Facilities,2.0
Jefferson Township,M100000US390493861299999,2019,Solar,Facilities,4.0
Jefferson Township,M100000US390493861299999,2020,Solar,Facilities,9.0
Jefferson Township,M100000US390493861299999,2021,Solar,Facilities,12.0
Jefferson Township,M100000US390493861299999,2022,Solar,Facilities,23.0
Jefferson Township,M100000US390493861299999,2023,Solar,Facilities,22.0
Jefferson Township,M100000US390493861299999,2024,Solar,Facilities,26.0
Madison Township,M100000US390494641099999,2015,Solar,Facilities,1.0
Madison Township,M100000US390494641099999,2019,Solar,Facilities,5.0
Madison Township,M100000US390494641099999,2020,Solar,Facilities,6.0
Madison Township,M100000US390494641099999,2021,Solar,Facilities,4.0
Madison Township,M100000US390494641099999,2022,Energy Storage,Facilities,1.0
Madison Township,M100000US390494641099999,2022,Solar,Facilities,12.0
Madison Township,M100000US390494641099999,2023,Solar,Facilities,10.0
Madison Township,M100000US390494641099999,2024,Solar,Facilities,18.0
Mifflin Township,M100000US390495006499999,2022,Solar,Facilities,2.0
Mifflin Township,M100000US390495006499999,2023,Solar,Facilities,2.0
Mifflin Township,M100000US390495006499999,2024,Solar,Facilities,3.0
Norwich Township,M100000US390495734499999,2012,Solar,Facilities,1.0
Norwich Township,M100000US390495734499999,2013,Solar,Facilities,1.0
Norwich Township,M100000US390495734499999,2015,Solar,Facilities,2.0
Norwich Township,M100000US390495734499999,2016,Solar,Facilities,2.0
Norwich Township,M100000US390495734499999,2018,Solar,Facilities,3.0
Norwich Township,M100000US390495734499999,2019,Solar,Facilities,3.0
Norwich Township,M100000US390495734499999,2020,Solar,Facilities,4.0
Norwich Township,M100000US390495734499999,2021,Solar,Facilities,3.0
Norwich Township,M100000US390495734499999,2022,Energy Storage,Facilities,1.0
Norwich Township,M100000US390495734499999,2022,Solar,Facilities,7.0
Norwich Township,M100000US390495734499999,2023,Solar,Facilities,6.0
Norwich Township,M100000US390495734499999,2024,Energy Storage,Facilities,2.0
Norwich Township,M100000US390495734499999,2024,Solar,Facilities,13.0
Perry Township,M100000US390496184099999,2012,Solar,Facilities,1.0
Perry Township,M100000US390496184099999,2013,Solar,Facilities,1.0
Perry Township,M100000US390496184099999,2016,Solar,Facilities,1.0
Perry Township,M100000US390496184099999,2018,Solar,Facilities,3.0
Perry Township,M100000US390496184099999,2019,Solar,Facilities,1.0
Perry Township,M100000US390496184099999,2020,Solar,Facilities,2.0
Perry Township,M100000US390496184099999,2021,Solar,Facilities,3.0
Perry Township,M100000US390496184099999,2022,Solar,Facilities,5.0
Perry Township,M100000US390496184099999,2023,Energy Storage,Facilities,1.0
Perry Township,M100000US390496184099999,2023,Solar,Facilities,4.0
Perry Township,M100000US390496184099999,2024,Solar,Facilities,5.0
Plain Township,M100000US390496297499999,2011,Solar,Facilities,1.0
Plain Township,M100000US390496297499999,2017,Solar,Facilities,1.0
Plain Township,M100000US390496297499999,2019,Solar,Facilities,1.0
Plain Township,M100000US390496297499999,2020,Solar,Facilities,2.0
Plain Township,M100000US390496297499999,2021,Solar,Facilities,4.0
Plain Township,M100000US390496297499999,2022,Solar,Facilities,1.0
Plain Township,M100000US390496297499999,2023,Solar,Facilities,1.0
Plain Township,M100000US390496297499999,2024,Solar,Facilities,1.0
Pleasant Township,M100000US390496325499999,2011,Solar,Facilities,1.0
Pleasant Township,M100000US390496325499999,2014,Solar,Facilities,1.0
Pleasant Township,M100000US390496325499999,2015,Solar,Facilities,1.0
Pleasant Township,M100000US390496325499999,2017,Solar,Facilities,1.0
Pleasant Township,M100000US390496325499999,2018,Solar,Facilities,2.0
Pleasant Township,M100000US390496325499999,2019,Solar,Facilities,2.0
Pleasant Township,M100000US390496325499999,2020,Energy Storage,Facilities,1.0
Pleasant Township,M100000US390496325499999,2020,Solar,Facilities,5.0
Pleasant Township,M100000US390496325499999,2021,Solar,Facilities,7.0
Pleasant Township,M100000US390496325499999,2022,Energy Storage,Facilities,1.0
Pleasant Township,M100000US390496325499999,2022,Solar,Facilities,12.0
Pleasant Township,M100000US390496325499999,2023,Energy Storage,Facilities,1.0
Pleasant Township,M100000US390496325499999,2023,Solar,Facilities,6.0
Pleasant Township,M100000US390496325499999,2024,Energy Storage,Facilities,1.0
Pleasant Township,M100000US390496325499999,2024,Solar,Facilities,5.0
Prairie Township,M100000US390496457099999,2009,Solar,Facilities,1.0
Prairie Township,M100000US390496457099999,2011,Solar,Facilities,1.0
Prairie Township,M100000US390496457099999,2015,Solar,Facilities,1.0
Prairie Township,M100000US390496457099999,2016,Solar,Facilities,1.0
Prairie Township,M100000US390496457099999,2017,Solar,Facilities,2.0
Prairie Township,M100000US390496457099999,2019,Solar,Facilities,1.0
Prairie Township,M100000US390496457099999,2020,Solar,Facilities,4.0
Prairie Township,M100000US390496457099999,2021,Solar,Facilities,15.0
Prairie Township,M100000US390496457099999,2022,Solar,Facilities,23.0
Prairie Township,M100000US390496457099999,2023,Energy Storage,Facilities,1.0
Prairie Township,M100000US390496457099999,2023,Solar,Facilities,32.0
Prairie Township,M100000US390496457099999,2024,Solar,Facilities,32.0
Sharon Township,M100000US390497178799999,2009,Solar,Facilities,1.0
Sharon Township,M100000US390497178799999,2011,Solar,Facilities,1.0
Sharon Township,M100000US390497178799999,2017,Solar,Facilities,1.0
Sharon Township,M100000US390497178799999,2018,Solar,Facilities,1.0
Sharon Township,M100000US390497178799999,2020,Solar,Facilities,1.0
Sharon Township,M100000US390497178799999,2021,Solar,Facilities,2.0
Sharon Township,M100000US390497178799999,2022,Solar,Facilities,1.0
Sharon Township,M100000US390497178799999,2023,Energy Storage,Facilities,1.0
Sharon Township,M100000US390497178799999,2023,Solar,Facilities,8.0
Sharon Township,M100000US390497178799999,2024,Solar,Facilities,4.0
Truro Township,M100000US390497771499999,2019,Solar,Facilities,2.0
Truro Township,M100000US390497771499999,2020,Solar,Facilities,1.0
Truro Township,M100000US390497771499999,2021,Solar,Facilities,1.0
Truro Township,M100000US390497771499999,2022,Solar,Facilities,3.0
Truro Township,M100000US390497771499999,2023,Solar,Facilities,5.0
Truro Township,M100000US390497771499999,2024,Solar,Facilities,4.0
Washington Township,M100000US390498124299999,2021,Solar,Facilities,1.0
Washington Township,M100000US390498124299999,2023,Solar,Facilities,1.0
Belle Center Village,M100000US3905116,2022,Solar,Facilities,1.0
Belle Center Village,M100000US3905116,2023,Solar,Facilities,3.0
Bellefontaine City,M100000US3905130,2011,Solar,Facilities,1.0
Bellefontaine City,M100000US3905130,2019,Solar,Facilities,2.0
Bellefontaine City,M100000US3905130,2020,Solar,Facilities,2.0
Bellefontaine City,M100000US3905130,2021,Solar,Facilities,1.0
Bellefontaine City,M100000US3905130,2022,Solar,Facilities,1.0
Bellefontaine City,M100000US3905130,2023,Solar,Facilities,3.0
Bellefontaine City,M100000US3905130,2024,Solar,Facilities,3.0
Bexley City,M100000US3906278,2006,Solar,Facilities,1.0
Bexley City,M100000US3906278,2010,Solar,Facilities,1.0
Bexley City,M100000US3906278,2016,Solar,Facilities,2.0
Bexley City,M100000US3906278,2017,Solar,Facilities,1.0
Bexley City,M100000US3906278,2018,Solar,Facilities,4.0
Bexley City,M100000US3906278,2019,Solar,Facilities,3.0
Bexley City,M100000US3906278,2020,Energy Storage,Facilities,1.0
Bexley City,M100000US3906278,2020,Solar,Facilities,11.0
Bexley City,M100000US3906278,2021,Energy Storage,Facilities,1.0
Bexley City,M100000US3906278,2021,Solar,Facilities,14.0
Bexley City,M100000US3906278,2022,Energy Storage,Facilities,2.0
Bexley City,M100000US3906278,2022,Solar,Facilities,9.0
Bexley City,M100000US3906278,2023,Energy Storage,Facilities,1.0
Bexley City,M100000US3906278,2023,Solar,Facilities,9.0
Bexley City,M100000US3906278,2024,Solar,Facilities,6.0
Bloomingburg Village,M100000US3907188,2021,Solar,Facilities,1.0
Bloomingburg Village,M100000US3907188,2022,Solar,Facilities,1.0
Benton Township,M100000US390730557899999,2016,Solar,Facilities,1.0
Falls Township,M100000US390732648899999,2005,Solar,Facilities,1.0
Falls Township,M100000US390732648899999,2005,Wind,Facilities,1.0
Falls Township,M100000US390732648899999,2012,Solar,Facilities,1.0
Falls Township,M100000US390732648899999,2013,Solar,Facilities,2.0
Falls Township,M100000US390732648899999,2017,Solar,Facilities,1.0
Falls Township,M100000US390732648899999,2018,Solar,Facilities,1.0
Falls Township,M100000US390732648899999,2019,Solar,Facilities,4.0
Falls Township,M100000US390732648899999,2020,Solar,Facilities,2.0
Falls Township,M100000US390732648899999,2021,Solar,Facilities,4.0
Falls Township,M100000US390732648899999,2022,Solar,Facilities,2.0
Falls Township,M100000US390732648899999,2024,Solar,Facilities,5.0
Good Hope Township,M100000US390733084299999,2005,Wind,Facilities,1.0
Good Hope Township,M100000US390733084299999,2019,Solar,Facilities,2.0
Good Hope Township,M100000US390733084299999,2022,Solar,Facilities,2.0
Good Hope Township,M100000US390733084299999,2023,Solar,Facilities,1.0
Green Township,M100000US390733178099999,2018,Solar,Facilities,1.0
Green Township,M100000US390733178099999,2019,Solar,Facilities,5.0
Green Township,M100000US390733178099999,2020,Solar,Facilities,1.0
Green Township,M100000US390733178099999,2021,Solar,Facilities,2.0
Green Township,M100000US390733178099999,2024,Solar,Facilities,1.0
Laurel Township,M100000US390734205699999,2018,Solar,Facilities,1.0
Marion Township,M100000US390734774099999,2010,Solar,Facilities,1.0
Marion Township,M100000US390734774099999,2011,Solar,Facilities,2.0
Marion Township,M100000US390734774099999,2023,Energy Storage,Facilities,1.0
Marion Township,M100000US390734774099999,2023,Solar,Facilities,3.0
Marion Township,M100000US390734774099999,2024,Solar,Facilities,1.0
Starr Township,M100000US390737440599999,2011,Solar,Facilities,1.0
Starr Township,M100000US390737440599999,2015,Solar,Facilities,1.0
Starr Township,M100000US390737440599999,2018,Solar,Facilities,1.0
Starr Township,M100000US390737440599999,2020,Solar,Facilities,1.0
Starr Township,M100000US390737440599999,2023,Solar,Facilities,1.0
Starr Township,M100000US390737440599999,2024,Solar,Facilities,1.0
Ward Township,M100000US390738078099999,2023,Solar,Facilities,1.0
Washington Township,M100000US390738135499999,2019,Solar,Facilities,1.0
Washington Township,M100000US390738135499999,2020,Solar,Facilities,1.0
Berlin Township,M100000US390830584499999,2018,Solar,Facilities,4.0
Berlin Township,M100000US390830584499999,2019,Solar,Facilities,2.0
Berlin Township,M100000US390830584499999,2020,Solar,Facilities,2.0
Berlin Township,M100000US390830584499999,2021,Solar,Facilities,1.0
Berlin Township,M100000US390830584499999,2023,Solar,Facilities,2.0
Berlin Township,M100000US390830584499999,2024,Solar,Facilities,2.0
Brown Township,M100000US390830947099999,2023,Solar,Facilities,2.0
Brown Township,M100000US390830947099999,2024,Solar,Facilities,2.0
Clay Township,M100000US390831550499999,2013,Solar,Facilities,1.0
Clay Township,M100000US390831550499999,2020,Solar,Facilities,1.0
Clinton Township,M100000US390831614099999,2018,Solar,Facilities,3.0
Clinton Township,M100000US390831614099999,2019,Solar,Facilities,1.0
Clinton Township,M100000US390831614099999,2020,Solar,Facilities,1.0
Clinton Township,M100000US390831614099999,2021,Solar,Facilities,2.0
Clinton Township,M100000US390831614099999,2022,Solar,Facilities,2.0
Clinton Township,M100000US390831614099999,2023,Solar,Facilities,4.0
Clinton Township,M100000US390831614099999,2024,Energy Storage,Facilities,1.0
Clinton Township,M100000US390831614099999,2024,Solar,Facilities,4.0
College Township,M100000US390831668699999,2014,Solar,Facilities,1.0
College Township,M100000US390831668699999,2015,Solar,Facilities,1.0
College Township,M100000US390831668699999,2016,Solar,Facilities,1.0
College Township,M100000US390831668699999,2018,Solar,Facilities,1.0
College Township,M100000US390831668699999,2024,Solar,Facilities,4.0
Harrison Township,M100000US390833388099999,2023,Solar,Facilities,1.0
Harrison Township,M100000US390833388099999,2024,Solar,Facilities,1.0
Hilliar Township,M100000US390833546299999,2016,Solar,Facilities,2.0
Hilliar Township,M100000US390833546299999,2018,Solar,Facilities,1.0
Hilliar Township,M100000US390833546299999,2019,Solar,Facilities,3.0
Hilliar Township,M100000US390833546299999,2020,Solar,Facilities,4.0
Hilliar Township,M100000US390833546299999,2022,Solar,Facilities,2.0
Hilliar Township,M100000US390833546299999,2023,Solar,Facilities,1.0
Hilliar Township,M100000US390833546299999,2024,Solar,Facilities,1.0
Howard Township,M100000US390833652699999,2014,Solar,Facilities,1.0
Howard Township,M100000US390833652699999,2020,Solar,Facilities,1.0
Howard Township,M100000US390833652699999,2022,Energy Storage,Facilities,1.0
Howard Township,M100000US390833652699999,2022,Solar,Facilities,5.0
Howard Township,M100000US390833652699999,2023,Energy Storage,Facilities,1.0
Howard Township,M100000US390833652699999,2023,Solar,Facilities,6.0
Howard Township,M100000US390833652699999,2024,Solar,Facilities,5.0
Jefferson Township,M100000US390833866899999,2022,Solar,Facilities,1.0
Liberty Township,M100000US390834321899999,2007,Solar,Facilities,1.0
Liberty Township,M100000US390834321899999,2014,Solar,Facilities,2.0
Liberty Township,M100000US390834321899999,2015,Solar,Facilities,1.0
Liberty Township,M100000US390834321899999,2019,Solar,Facilities,1.0
Liberty Township,M100000US390834321899999,2020,Solar,Facilities,2.0
Liberty Township,M100000US390834321899999,2021,Solar,Facilities,3.0
Liberty Township,M100000US390834321899999,2022,Solar,Facilities,2.0
Liberty Township,M100000US390834321899999,2023,Solar,Facilities,1.0
Liberty Township,M100000US390834321899999,2024,Solar,Facilities,2.0
Middlebury Township,M100000US390834965899999,2018,Solar,Facilities,3.0
Middlebury Township,M100000US390834965899999,2021,Solar,Facilities,1.0
Milford Township,M100000US390835020499999,2022,Solar,Facilities,2.0
Miller Township,M100000US390835033099999,2018,Solar,Facilities,1.0
Miller Township,M100000US390835033099999,2020,Solar,Facilities,1.0
Miller Township,M100000US390835033099999,2022,Solar,Facilities,2.0
Miller Township,M100000US390835033099999,2023,Solar,Facilities,1.0
Monroe Township,M100000US390835143699999,2013,Solar,Facilities,1.0
Monroe Township,M100000US390835143699999,2018,Solar,Facilities,1.0
Monroe Township,M100000US390835143699999,2019,Solar,Facilities,2.0
Monroe Township,M100000US390835143699999,2020,Solar,Facilities,2.0
Monroe Township,M100000US390835143699999,2021,Solar,Facilities,1.0
Monroe Township,M100000US390835143699999,2022,Solar,Facilities,2.0
Monroe Township,M100000US390835143699999,2023,Solar,Facilities,1.0
Monroe Township,M100000US390835143699999,2024,Solar,Facilities,1.0
Morgan Township,M100000US390835210899999,2019,Solar,Facilities,1.0
Morgan Township,M100000US390835210899999,2022,Solar,Facilities,1.0
Morris Township,M100000US390835229099999,2014,Solar,Facilities,1.0
Morris Township,M100000US390835229099999,2016,Solar,Facilities,1.0
Morris Township,M100000US390835229099999,2018,Solar,Facilities,1.0
Morris Township,M100000US390835229099999,2019,Solar,Facilities,1.0
Morris Township,M100000US390835229099999,2020,Solar,Facilities,4.0
Morris Township,M100000US390835229099999,2021,Solar,Facilities,3.0
Morris Township,M100000US390835229099999,2023,Solar,Facilities,1.0
Morris Township,M100000US390835229099999,2024,Solar,Facilities,1.0
Pike Township,M100000US390836265299999,2020,Solar,Facilities,1.0
Pike Township,M100000US390836265299999,2023,Solar,Facilities,2.0
Pleasant Township,M100000US390836331099999,2015,Solar,Facilities,2.0
Pleasant Township,M100000US390836331099999,2019,Solar,Facilities,1.0
Pleasant Township,M100000US390836331099999,2020,Solar,Facilities,1.0
Pleasant Township,M100000US390836331099999,2021,Solar,Facilities,1.0
Union Township,M100000US390837835899999,2021,Solar,Facilities,1.0
Union Township,M100000US390837835899999,2023,Solar,Facilities,1.0
Union Township,M100000US390837835899999,2024,Solar,Facilities,1.0
Wayne Township,M100000US390838219499999,2019,Solar,Facilities,1.0
Wayne Township,M100000US390838219499999,2022,Solar,Facilities,1.0
Wayne Township,M100000US390838219499999,2023,Solar,Facilities,1.0
Bremen Village,M100000US3908392,2020,Solar,Facilities,2.0
Bremen Village,M100000US3908392,2021,Solar,Facilities,2.0
Bremen Village,M100000US3908392,2022,Solar,Facilities,1.0
Bremen Village,M100000US3908392,2023,Solar,Facilities,2.0
Brice Village,M100000US3908532,2020,Solar,Facilities,1.0
Bennington Township,M100000US390890549499999,2017,Solar,Facilities,1.0
Bennington Township,M100000US390890549499999,2020,Solar,Facilities,1.0
Bennington Township,M100000US390890549499999,2024,Solar,Facilities,1.0
Bowling Green Township,M100000US390890794499999,2019,Solar,Facilities,1.0
Bowling Green Township,M100000US390890794499999,2023,Solar,Facilities,1.0
Burlington Township,M100000US390891036699999,2011,Solar,Facilities,1.0
Burlington Township,M100000US390891036699999,2015,Solar,Facilities,1.0
Burlington Township,M100000US390891036699999,2018,Solar,Facilities,1.0
Burlington Township,M100000US390891036699999,2022,Solar,Facilities,1.0
Etna Township,M100000US390892569099999,2010,Solar,Facilities,1.0
Etna Township,M100000US390892569099999,2014,Solar,Facilities,1.0
Etna Township,M100000US390892569099999,2018,Solar,Facilities,4.0
Etna Township,M100000US390892569099999,2019,Solar,Facilities,6.0
Etna Township,M100000US390892569099999,2020,Solar,Facilities,9.0
Etna Township,M100000US390892569099999,2021,Solar,Facilities,11.0
Etna Township,M100000US390892569099999,2022,Solar,Facilities,8.0
Etna Township,M100000US390892569099999,2023,Energy Storage,Facilities,3.0
Etna Township,M100000US390892569099999,2023,Solar,Facilities,18.0
Etna Township,M100000US390892569099999,2024,Solar,Facilities,14.0
Franklin Township,M100000US390892833699999,2019,Solar,Facilities,2.0
Franklin Township,M100000US390892833699999,2020,Solar,Facilities,1.0
Franklin Township,M100000US390892833699999,2021,Solar,Facilities,1.0
Franklin Township,M100000US390892833699999,2022,Solar,Facilities,1.0
Granville Township,M100000US390893141699999,2011,Solar,Facilities,1.0
Granville Township,M100000US390893141699999,2013,Solar,Facilities,1.0
Granville Township,M100000US390893141699999,2014,Solar,Facilities,1.0
Granville Township,M100000US390893141699999,2015,Solar,Facilities,1.0
Granville Township,M100000US390893141699999,2016,Solar,Facilities,1.0
Granville Township,M100000US390893141699999,2017,Solar,Facilities,3.0
Granville Township,M100000US390893141699999,2018,Solar,Facilities,2.0
Granville Township,M100000US390893141699999,2019,Solar,Facilities,9.0
Granville Township,M100000US390893141699999,2020,Solar,Facilities,2.0
Granville Township,M100000US390893141699999,2021,Solar,Facilities,5.0
Granville Township,M100000US390893141699999,2022,Solar,Facilities,5.0
Granville Township,M100000US390893141699999,2023,Solar,Facilities,8.0
Granville Township,M100000US390893141699999,2024,Solar,Facilities,4.0
Hanover Township,M100000US390893329999999,2019,Solar,Facilities,1.0
Hanover Township,M100000US390893329999999,2022,Solar,Facilities,2.0
Hanover Township,M100000US390893329999999,2023,Solar,Facilities,1.0
Harrison Township,M100000US390893389499999,2018,Solar,Facilities,1.0
Harrison Township,M100000US390893389499999,2019,Solar,Facilities,3.0
Harrison Township,M100000US390893389499999,2020,Solar,Facilities,3.0
Harrison Township,M100000US390893389499999,2021,Solar,Facilities,7.0
Harrison Township,M100000US390893389499999,2022,Solar,Facilities,11.0
Harrison Township,M100000US390893389499999,2023,Solar,Facilities,12.0
Harrison Township,M100000US390893389499999,2024,Solar,Facilities,3.0
Hartford Township,M100000US390893418899999,2017,Solar,Facilities,1.0
Hartford Township,M100000US390893418899999,2019,Solar,Facilities,1.0
Hopewell Township,M100000US390893631699999,2021,Solar,Facilities,1.0
Jersey Township,M100000US390893910299999,2012,Solar,Facilities,1.0
Jersey Township,M100000US390893910299999,2015,Solar,Facilities,1.0
Jersey Township,M100000US390893910299999,2017,Solar,Facilities,1.0
Jersey Township,M100000US390893910299999,2018,Solar,Facilities,1.0
Jersey Township,M100000US390893910299999,2020,Solar,Facilities,2.0
Jersey Township,M100000US390893910299999,2021,Solar,Facilities,4.0
Jersey Township,M100000US390893910299999,2023,Solar,Facilities,2.0
Jersey Township,M100000US390893910299999,2024,Solar,Facilities,1.0
Liberty Township,M100000US390894323299999,2018,Solar,Facilities,2.0
Liberty Township,M100000US390894323299999,2022,Solar,Facilities,1.0
Licking Township,M100000US390894345699999,2006,Solar,Facilities,1.0
Licking Township,M100000US390894345699999,2014,Solar,Facilities,4.0
Licking Township,M100000US390894345699999,2018,Solar,Facilities,1.0
Licking Township,M100000US390894345699999,2019,Solar,Facilities,3.0
Licking Township,M100000US390894345699999,2020,Solar,Facilities,1.0
Licking Township,M100000US390894345699999,2022,Solar,Facilities,3.0
Licking Township,M100000US390894345699999,2023,Solar,Facilities,6.0
Licking Township,M100000US390894345699999,2024,Solar,Facilities,3.0
McKean Township,M100000US390894611699999,2012,Solar,Facilities,1.0
McKean Township,M100000US390894611699999,2016,Solar,Facilities,1.0
McKean Township,M100000US390894611699999,2019,Solar,Facilities,1.0
McKean Township,M100000US390894611699999,2020,Solar,Facilities,1.0
McKean Township,M100000US390894611699999,2022,Solar,Facilities,2.0
McKean Township,M100000US390894611699999,2023,Solar,Facilities,1.0
McKean Township,M100000US390894611699999,2024,Energy Storage,Facilities,1.0
Madison Township,M100000US390894650899999,2013,Solar,Facilities,1.0
Madison Township,M100000US390894650899999,2018,Solar,Facilities,2.0
Madison Township,M100000US390894650899999,2019,Solar,Facilities,3.0
Madison Township,M100000US390894650899999,2020,Solar,Facilities,3.0
Madison Township,M100000US390894650899999,2021,Solar,Facilities,2.0
Madison Township,M100000US390894650899999,2024,Energy Storage,Facilities,1.0
Madison Township,M100000US390894650899999,2024,Solar,Facilities,3.0
Mary Ann Township,M100000US390894813299999,2018,Solar,Facilities,1.0
Mary Ann Township,M100000US390894813299999,2019,Solar,Facilities,1.0
Mary Ann Township,M100000US390894813299999,2020,Solar,Facilities,1.0
Mary Ann Township,M100000US390894813299999,2023,Solar,Facilities,1.0
Monroe Township,M100000US390895145099999,2021,Solar,Facilities,5.0
Monroe Township,M100000US390895145099999,2023,Solar,Facilities,1.0
Newark Township,M100000US390895405499999,2018,Solar,Facilities,1.0
Newark Township,M100000US390895405499999,2019,Solar,Facilities,2.0
Newark Township,M100000US390895405499999,2020,Solar,Facilities,1.0
Newark Township,M100000US390895405499999,2021,Solar,Facilities,3.0
Newark Township,M100000US390895405499999,2022,Solar,Facilities,1.0
Newark Township,M100000US390895405499999,2023,Solar,Facilities,1.0
Newark Township,M100000US390895405499999,2024,Solar,Facilities,2.0
Newton Township,M100000US390895558099999,2012,Solar,Facilities,2.0
Newton Township,M100000US390895558099999,2019,Solar,Facilities,2.0
Newton Township,M100000US390895558099999,2021,Solar,Facilities,3.0
Newton Township,M100000US390895558099999,2022,Solar,Facilities,2.0
Newton Township,M100000US390895558099999,2023,Solar,Facilities,1.0
Newton Township,M100000US390895558099999,2024,Solar,Facilities,10.0
Perry Township,M100000US390896192499999,2024,Solar,Facilities,1.0
St. Albans Township,M100000US390896945699999,2010,Wind,Facilities,1.0
St. Albans Township,M100000US390896945699999,2014,Solar,Facilities,1.0
St. Albans Township,M100000US390896945699999,2016,Solar,Facilities,1.0
St. Albans Township,M100000US390896945699999,2017,Solar,Facilities,3.0
St. Albans Township,M100000US390896945699999,2018,Solar,Facilities,2.0
St. Albans Township,M100000US390896945699999,2019,Solar,Facilities,3.0
St. Albans Township,M100000US390896945699999,2020,Energy Storage,Facilities,1.0
St. Albans Township,M100000US390896945699999,2021,Solar,Facilities,1.0
St. Albans Township,M100000US390896945699999,2022,Solar,Facilities,4.0
St. Albans Township,M100000US390896945699999,2023,Solar,Facilities,3.0
St. Albans Township,M100000US390896945699999,2024,Solar,Facilities,2.0
Union Township,M100000US390897840099999,2013,Solar,Facilities,1.0
Union Township,M100000US390897840099999,2015,Solar,Facilities,1.0
Union Township,M100000US390897840099999,2019,Solar,Facilities,2.0
Union Township,M100000US390897840099999,2020,Solar,Facilities,2.0
Union Township,M100000US390897840099999,2021,Solar,Facilities,4.0
Union Township,M100000US390897840099999,2022,Solar,Facilities,4.0
Union Township,M100000US390897840099999,2023,Solar,Facilities,4.0
Union Township,M100000US390897840099999,2024,Solar,Facilities,3.0
Washington Township,M100000US390898141099999,2022,Solar,Facilities,2.0
Bloomfield Township,M100000US390910711899999,2023,Solar,Facilities,1.0
Harrison Township,M100000US390913390899999,2010,Wind,Facilities,1.0
Harrison Township,M100000US390913390899999,2021,Solar,Facilities,1.0
Harrison Township,M100000US390913390899999,2022,Solar,Facilities,1.0
Harrison Township,M100000US390913390899999,2024,Solar,Facilities,1.0
Jefferson Township,M100000US390913868299999,2019,Solar,Facilities,1.0
Jefferson Township,M100000US390913868299999,2020,Solar,Facilities,2.0
Jefferson Township,M100000US390913868299999,2022,Solar,Facilities,2.0
Jefferson Township,M100000US390913868299999,2023,Solar,Facilities,1.0
Jefferson Township,M100000US390913868299999,2024,Solar,Facilities,2.0
Liberty Township,M100000US390914324699999,2022,Solar,Facilities,1.0
Liberty Township,M100000US390914324699999,2024,Solar,Facilities,2.0
Monroe Township,M100000US390915146499999,2020,Solar,Facilities,1.0
Monroe Township,M100000US390915146499999,2021,Solar,Facilities,2.0
Perry Township,M100000US390916193899999,2021,Solar,Facilities,1.0
Perry Township,M100000US390916193899999,2023,Solar,Facilities,1.0
Pleasant Township,M100000US390916332499999,2019,Solar,Facilities,1.0
Richland Township,M100000US390916674099999,2012,Solar,Facilities,1.0
Richland Township,M100000US390916674099999,2022,Solar,Facilities,1.0
Richland Township,M100000US390916674099999,2023,Solar,Facilities,1.0
Rushcreek Township,M100000US390916913499999,2017,Solar,Facilities,1.0
Rushcreek Township,M100000US390916913499999,2019,Solar,Facilities,1.0
Rushcreek Township,M100000US390916913499999,2020,Solar,Facilities,3.0
Rushcreek Township,M100000US390916913499999,2021,Solar,Facilities,1.0
Rushcreek Township,M100000US390916913499999,2023,Solar,Facilities,1.0
Stokes Township,M100000US390917478099999,2010,Wind,Facilities,1.0
Stokes Township,M100000US390917478099999,2024,Solar,Facilities,1.0
Washington Township,M100000US390918142499999,2015,Solar,Facilities,1.0
Washington Township,M100000US390918142499999,2024,Solar,Facilities,1.0
Zane Township,M100000US390918804299999,2013,Solar,Facilities,1.0
Zane Township,M100000US390918804299999,2018,Solar,Facilities,1.0
Zane Township,M100000US390918804299999,2019,Solar,Facilities,2.0
Zane Township,M100000US390918804299999,2020,Solar,Facilities,1.0
Zane Township,M100000US390918804299999,2021,Solar,Facilities,1.0
Zane Township,M100000US390918804299999,2022,Solar,Facilities,1.0
Canaan Township,M100000US390971123499999,2012,Solar,Facilities,1.0
Canaan Township,M100000US390971123499999,2013,Solar,Facilities,1.0
Canaan Township,M100000US390971123499999,2016,Solar,Facilities,2.0
Canaan Township,M100000US390971123499999,2019,Solar,Facilities,1.0
Canaan Township,M100000US390971123499999,2020,Solar,Facilities,5.0
Canaan Township,M100000US390971123499999,2021,Solar,Facilities,2.0
Canaan Township,M100000US390971123499999,2022,Energy Storage,Facilities,1.0
Canaan Township,M100000US390971123499999,2022,Solar,Facilities,2.0
Canaan Township,M100000US390971123499999,2023,Energy Storage,Facilities,1.0
Canaan Township,M100000US390971123499999,2023,Solar,Facilities,3.0
Canaan Township,M100000US390971123499999,2024,Solar,Facilities,2.0
Darby Township,M100000US390972014299999,2010,Wind,Facilities,1.0
Darby Township,M100000US390972014299999,2021,Solar,Facilities,1.0
Darby Township,M100000US390972014299999,2022,Solar,Facilities,1.0
Deer Creek Township,M100000US390972115499999,2010,Solar,Facilities,1.0
Deer Creek Township,M100000US390972115499999,2011,Solar,Facilities,1.0
Deer Creek Township,M100000US390972115499999,2015,Solar,Facilities,1.0
Deer Creek Township,M100000US390972115499999,2016,Solar,Facilities,1.0
Deer Creek Township,M100000US390972115499999,2020,Solar,Facilities,1.0
Deer Creek Township,M100000US390972115499999,2023,Solar,Facilities,1.0
Fairfield Township,M100000US390972606899999,2008,Wind,Facilities,1.0
Fairfield Township,M100000US390972606899999,2013,Solar,Facilities,1.0
Fairfield Township,M100000US390972606899999,2017,Solar,Facilities,1.0
Fairfield Township,M100000US390972606899999,2018,Solar,Facilities,1.0
Fairfield Township,M100000US390972606899999,2019,Solar,Facilities,1.0
Fairfield Township,M100000US390972606899999,2020,Solar,Facilities,1.0
Fairfield Township,M100000US390972606899999,2021,Solar,Facilities,1.0
Fairfield Township,M100000US390972606899999,2022,Solar,Facilities,1.0
Fairfield Township,M100000US390972606899999,2023,Solar,Facilities,2.0
Jefferson Township,M100000US390973869699999,2011,Solar,Facilities,1.0
Jefferson Township,M100000US390973869699999,2013,Solar,Facilities,1.0
Jefferson Township,M100000US390973869699999,2016,Solar,Facilities,1.0
Jefferson Township,M100000US390973869699999,2017,Solar,Facilities,1.0
Jefferson Township,M100000US390973869699999,2021,Solar,Facilities,2.0
Jefferson Township,M100000US390973869699999,2022,Solar,Facilities,1.0
Jefferson Township,M100000US390973869699999,2023,Solar,Facilities,3.0
Jefferson Township,M100000US390973869699999,2024,Solar,Facilities,1.0
Monroe Township,M100000US390975147899999,2008,Solar,Facilities,1.0
Monroe Township,M100000US390975147899999,2016,Solar,Facilities,3.0
Monroe Township,M100000US390975147899999,2018,Solar,Facilities,2.0
Monroe Township,M100000US390975147899999,2019,Solar,Facilities,5.0
Monroe Township,M100000US390975147899999,2022,Solar,Facilities,1.0
Monroe Township,M100000US390975147899999,2023,Solar,Facilities,2.0
Oak Run Township,M100000US390975770899999,2010,Wind,Facilities,1.0
Oak Run Township,M100000US390975770899999,2020,Solar,Facilities,1.0
Oak Run Township,M100000US390975770899999,2021,Solar,Facilities,1.0
Oak Run Township,M100000US390975770899999,2024,Solar,Facilities,4.0
Paint Township,M100000US390975952899999,2017,Solar,Facilities,1.0
Paint Township,M100000US390975952899999,2021,Solar,Facilities,1.0
Paint Township,M100000US390975952899999,2023,Energy Storage,Facilities,1.0
Paint Township,M100000US390975952899999,2023,Solar,Facilities,1.0
Paint Township,M100000US390975952899999,2024,Solar,Facilities,1.0
Pike Township,M100000US390976266699999,2023,Solar,Facilities,4.0
Pleasant Township,M100000US390976333899999,2013,Solar,Facilities,1.0
Pleasant Township,M100000US390976333899999,2016,Solar,Facilities,1.0
Pleasant Township,M100000US390976333899999,2019,Solar,Facilities,2.0
Pleasant Township,M100000US390976333899999,2020,Solar,Facilities,2.0
Pleasant Township,M100000US390976333899999,2021,Solar,Facilities,1.0
Pleasant Township,M100000US390976333899999,2022,Solar,Facilities,2.0
Pleasant Township,M100000US390976333899999,2023,Solar,Facilities,3.0
Pleasant Township,M100000US390976333899999,2024,Solar,Facilities,1.0
Range Township,M100000US390976548099999,2012,Solar,Facilities,1.0
Range Township,M100000US390976548099999,2018,Solar,Facilities,1.0
Range Township,M100000US390976548099999,2020,Solar,Facilities,1.0
Range Township,M100000US390976548099999,2021,Solar,Facilities,1.0
Somerford Township,M100000US390977296099999,2011,Solar,Facilities,1.0
Somerford Township,M100000US390977296099999,2012,Solar,Facilities,1.0
Somerford Township,M100000US390977296099999,2014,Solar,Facilities,1.0
Somerford Township,M100000US390977296099999,2017,Solar,Facilities,1.0
Somerford Township,M100000US390977296099999,2018,Solar,Facilities,1.0
Somerford Township,M100000US390977296099999,2019,Solar,Facilities,4.0
Somerford Township,M100000US390977296099999,2020,Solar,Facilities,2.0
Somerford Township,M100000US390977296099999,2021,Solar,Facilities,1.0
Somerford Township,M100000US390977296099999,2022,Solar,Facilities,5.0
Somerford Township,M100000US390977296099999,2024,Solar,Facilities,2.0
Stokes Township,M100000US390977478499999,2019,Solar,Facilities,1.0
Stokes Township,M100000US390977478499999,2022,Solar,Facilities,1.0
Union Township,M100000US390977842899999,2010,Solar,Facilities,1.0
Union Township,M100000US390977842899999,2010,Wind,Facilities,1.0
Union Township,M100000US390977842899999,2011,Solar,Facilities,2.0
Union Township,M100000US390977842899999,2020,Solar,Facilities,2.0
Union Township,M100000US390977842899999,2021,Solar,Facilities,1.0
Union Township,M100000US390977842899999,2023,Solar,Facilities,3.0
Buckeye Lake Village,M100000US3909890,2020,Solar,Facilities,1.0
Buckeye Lake Village,M100000US3909890,2023,Solar,Facilities,1.0
Buckeye Lake Village,M100000US3909890,2024,Solar,Facilities,3.0
Big Island Township,M100000US391010634899999,2017,Solar,Facilities,1.0
Big Island Township,M100000US391010634899999,2023,Solar,Facilities,2.0
Bowling Green Township,M100000US391010795899999,2014,Solar,Facilities,1.0
Claridon Township,M100000US391011519699999,2018,Solar,Facilities,1.0
Claridon Township,M100000US391011519699999,2019,Solar,Facilities,2.0
Claridon Township,M100000US391011519699999,2022,Solar,Facilities,1.0
Claridon Township,M100000US391011519699999,2023,Solar,Facilities,2.0
Claridon Township,M100000US391011519699999,2024,Solar,Facilities,1.0
Grand Prairie Township,M100000US391013119299999,2016,Solar,Facilities,1.0
Grand Prairie Township,M100000US391013119299999,2019,Solar,Facilities,1.0
Grand Prairie Township,M100000US391013119299999,2022,Solar,Facilities,1.0
Grand Prairie Township,M100000US391013119299999,2023,Solar,Facilities,2.0
Green Camp Township,M100000US391013196299999,2018,Solar,Facilities,1.0
Green Camp Township,M100000US391013196299999,2019,Solar,Facilities,1.0
Green Camp Township,M100000US391013196299999,2020,Solar,Facilities,1.0
Green Camp Township,M100000US391013196299999,2023,Solar,Facilities,1.0
Marion Township,M100000US391014776899999,2011,Solar,Facilities,1.0
Marion Township,M100000US391014776899999,2013,Solar,Facilities,1.0
Marion Township,M100000US391014776899999,2017,Solar,Facilities,1.0
Marion Township,M100000US391014776899999,2017,Waste Gas,Facilities,1.0
Marion Township,M100000US391014776899999,2018,Solar,Facilities,1.0
Marion Township,M100000US391014776899999,2018,Wind,Facilities,1.0
Marion Township,M100000US391014776899999,2019,Solar,Facilities,4.0
Marion Township,M100000US391014776899999,2021,Solar,Facilities,3.0
Marion Township,M100000US391014776899999,2022,Solar,Facilities,2.0
Marion Township,M100000US391014776899999,2023,Solar,Facilities,2.0
Marion Township,M100000US391014776899999,2024,Solar,Facilities,3.0
Montgomery Township,M100000US391015173099999,2015,Solar,Facilities,1.0
Montgomery Township,M100000US391015173099999,2023,Solar,Facilities,1.0
Montgomery Township,M100000US391015173099999,2024,Solar,Facilities,1.0
Pleasant Township,M100000US391016335299999,2009,Wind,Facilities,1.0
Pleasant Township,M100000US391016335299999,2011,Solar,Facilities,1.0
Pleasant Township,M100000US391016335299999,2011,Wind,Facilities,1.0
Pleasant Township,M100000US391016335299999,2014,Solar,Facilities,1.0
Pleasant Township,M100000US391016335299999,2017,Solar,Facilities,1.0
Pleasant Township,M100000US391016335299999,2018,Solar,Facilities,2.0
Pleasant Township,M100000US391016335299999,2019,Solar,Facilities,3.0
Pleasant Township,M100000US391016335299999,2020,Solar,Facilities,2.0
Pleasant Township,M100000US391016335299999,2021,Solar,Facilities,2.0
Pleasant Township,M100000US391016335299999,2022,Solar,Facilities,8.0
Pleasant Township,M100000US391016335299999,2024,Solar,Facilities,3.0
Prospect Township,M100000US391016479499999,2016,Solar,Facilities,1.0
Prospect Township,M100000US391016479499999,2023,Solar,Facilities,1.0
Richland Township,M100000US391016675499999,2015,Solar,Facilities,1.0
Richland Township,M100000US391016675499999,2017,Solar,Facilities,1.0
Richland Township,M100000US391016675499999,2021,Solar,Facilities,3.0
Richland Township,M100000US391016675499999,2022,Solar,Facilities,1.0
Richland Township,M100000US391016675499999,2023,Solar,Facilities,1.0
Scott Township,M100000US391017107399999,2019,Solar,Facilities,1.0
Tully Township,M100000US391017774299999,2015,Solar,Facilities,1.0
Waldo Township,M100000US391018051499999,2016,Solar,Facilities,1.0
Waldo Township,M100000US391018051499999,2018,Solar,Facilities,1.0
Waldo Township,M100000US391018051499999,2020,Solar,Facilities,1.0
Waldo Township,M100000US391018051499999,2021,Solar,Facilities,1.0
Waldo Township,M100000US391018051499999,2022,Solar,Facilities,1.0
Waldo Township,M100000US391018051499999,2023,Solar,Facilities,1.0
Bennington Township,M100000US391170550899999,2020,Solar,Facilities,1.0
Bennington Township,M100000US391170550899999,2023,Energy Storage,Facilities,1.0
Bennington Township,M100000US391170550899999,2023,Solar,Facilities,1.0
Bennington Township,M100000US391170550899999,2024,Solar,Facilities,1.0
Canaan Township,M100000US391171124899999,2016,Solar,Facilities,1.0
Canaan Township,M100000US391171124899999,2022,Solar,Facilities,1.0
Cardington Township,M100000US391171209899999,2020,Solar,Facilities,1.0
Cardington Township,M100000US391171209899999,2023,Solar,Facilities,1.0
Cardington Township,M100000US391171209899999,2024,Solar,Facilities,2.0
Chester Township,M100000US391171403099999,2019,Solar,Facilities,2.0
Chester Township,M100000US391171403099999,2021,Solar,Facilities,1.0
Congress Township,M100000US391171829499999,2018,Solar,Facilities,1.0
Congress Township,M100000US391171829499999,2019,Solar,Facilities,2.0
Congress Township,M100000US391171829499999,2020,Solar,Facilities,1.0
Congress Township,M100000US391171829499999,2021,Solar,Facilities,1.0
Congress Township,M100000US391171829499999,2022,Energy Storage,Facilities,1.0
Congress Township,M100000US391171829499999,2022,Solar,Facilities,1.0
Franklin Township,M100000US391172837899999,2014,Solar,Facilities,1.0
Gilead Township,M100000US391173012899999,2015,Solar,Facilities,1.0
Gilead Township,M100000US391173012899999,2016,Solar,Facilities,1.0
Gilead Township,M100000US391173012899999,2017,Solar,Facilities,2.0
Gilead Township,M100000US391173012899999,2019,Solar,Facilities,2.0
Gilead Township,M100000US391173012899999,2020,Solar,Facilities,3.0
Gilead Township,M100000US391173012899999,2021,Solar,Facilities,1.0
Gilead Township,M100000US391173012899999,2022,Solar,Facilities,1.0
Harmony Township,M100000US391173360099999,2015,Solar,Facilities,1.0
Harmony Township,M100000US391173360099999,2018,Solar,Facilities,1.0
Harmony Township,M100000US391173360099999,2020,Solar,Facilities,1.0
Harmony Township,M100000US391173360099999,2021,Solar,Facilities,1.0
Harmony Township,M100000US391173360099999,2023,Solar,Facilities,1.0
Lincoln Township,M100000US391174368099999,2016,Solar,Facilities,1.0
Lincoln Township,M100000US391174368099999,2018,Solar,Facilities,2.0
Lincoln Township,M100000US391174368099999,2019,Solar,Facilities,2.0
Lincoln Township,M100000US391174368099999,2021,Solar,Facilities,1.0
Lincoln Township,M100000US391174368099999,2022,Solar,Facilities,1.0
North Bloomfield Township,M100000US391175622499999,2019,Solar,Facilities,1.0
North Bloomfield Township,M100000US391175622499999,2021,Solar,Facilities,1.0
Perry Township,M100000US391176198099999,2015,Solar,Facilities,1.0
Perry Township,M100000US391176198099999,2022,Solar,Facilities,1.0
Perry Township,M100000US391176198099999,2023,Energy Storage,Facilities,2.0
Perry Township,M100000US391176198099999,2023,Solar,Facilities,1.0
Perry Township,M100000US391176198099999,2024,Solar,Facilities,2.0
Peru Township,M100000US391176226099999,2023,Solar,Facilities,1.0
South Bloomfield Township,M100000US391177306199999,2018,Solar,Facilities,1.0
Washington Township,M100000US391178150899999,2009,Wind,Facilities,2.0
Washington Township,M100000US391178150899999,2019,Solar,Facilities,2.0
Washington Township,M100000US391178150899999,2022,Solar,Facilities,1.0
Washington Township,M100000US391178150899999,2023,Solar,Facilities,1.0
Washington Township,M100000US391178150899999,2024,Solar,Facilities,2.0
Westfield Township,M100000US391178345499999,2019,Solar,Facilities,1.0
Westfield Township,M100000US391178345499999,2020,Solar,Facilities,1.0
Westfield Township,M100000US391178345499999,2021,Solar,Facilities,1.0
Cardington Village,M100000US3912084,2020,Solar,Facilities,1.0
Cardington Village,M100000US3912084,2022,Solar,Facilities,3.0
Cardington Village,M100000US3912084,2023,Solar,Facilities,1.0
Bearfield Township,M100000US391270458499999,2019,Solar,Facilities,2.0
Bearfield Township,M100000US391270458499999,2022,Solar,Facilities,3.0
Bearfield Township,M100000US391270458499999,2023,Solar,Facilities,1.0
Clayton Township,M100000US391271565899999,2015,Solar,Facilities,2.0
Clayton Township,M100000US391271565899999,2019,Solar,Facilities,1.0
Clayton Township,M100000US391271565899999,2020,Solar,Facilities,1.0
Clayton Township,M100000US391271565899999,2021,Solar,Facilities,1.0
Clayton Township,M100000US391271565899999,2022,Solar,Facilities,1.0
Clayton Township,M100000US391271565899999,2023,Solar,Facilities,2.0
Clayton Township,M100000US391271565899999,2024,Solar,Facilities,1.0
Coal Township,M100000US391271635099999,2024,Solar,Facilities,1.0
Harrison Township,M100000US391273396499999,2015,Solar,Facilities,1.0
Harrison Township,M100000US391273396499999,2019,Solar,Facilities,2.0
Harrison Township,M100000US391273396499999,2021,Solar,Facilities,1.0
Harrison Township,M100000US391273396499999,2024,Solar,Facilities,1.0
Hopewell Township,M100000US391273638699999,2019,Solar,Facilities,1.0
Hopewell Township,M100000US391273638699999,2021,Solar,Facilities,1.0
Hopewell Township,M100000US391273638699999,2022,Solar,Facilities,1.0
Hopewell Township,M100000US391273638699999,2023,Solar,Facilities,1.0
Madison Township,M100000US391274655099999,2022,Solar,Facilities,1.0
Monroe Township,M100000US391275152099999,2022,Solar,Facilities,3.0
Monroe Township,M100000US391275152099999,2024,Energy Storage,Facilities,1.0
Pike Township,M100000US391276268099999,2013,Solar,Facilities,1.0
Pike Township,M100000US391276268099999,2014,Solar,Facilities,1.0
Pike Township,M100000US391276268099999,2018,Solar,Facilities,1.0
Pike Township,M100000US391276268099999,2019,Solar,Facilities,1.0
Pike Township,M100000US391276268099999,2020,Solar,Facilities,1.0
Pike Township,M100000US391276268099999,2022,Solar,Facilities,2.0
Pike Township,M100000US391276268099999,2024,Solar,Facilities,2.0
Pleasant Township,M100000US391276336699999,2018,Solar,Facilities,1.0
Pleasant Township,M100000US391276336699999,2020,Solar,Facilities,1.0
Pleasant Township,M100000US391276336699999,2021,Solar,Facilities,1.0
Reading Township,M100000US391276576099999,2021,Solar,Facilities,2.0
Salt Lick Township,M100000US391277022699999,2021,Solar,Facilities,2.0
Thorn Township,M100000US391277665999999,2015,Solar,Facilities,1.0
Thorn Township,M100000US391277665999999,2016,Solar,Facilities,2.0
Thorn Township,M100000US391277665999999,2018,Solar,Facilities,1.0
Thorn Township,M100000US391277665999999,2021,Solar,Facilities,3.0
Thorn Township,M100000US391277665999999,2022,Solar,Facilities,2.0
Thorn Township,M100000US391277665999999,2024,Solar,Facilities,1.0
Darby Township,M100000US391292015699999,2019,Solar,Facilities,1.0
Darby Township,M100000US391292015699999,2020,Solar,Facilities,1.0
Darby Township,M100000US391292015699999,2022,Solar,Facilities,1.0
Monroe Township,M100000US391295153499999,2020,Solar,Facilities,1.0
Monroe Township,M100000US391295153499999,2023,Solar,Facilities,1.0
Perry Township,M100000US391296200899999,2022,Solar,Facilities,1.0
Pickaway Township,M100000US391296248499999,2018,Natural Gas/Propane,Facilities,1.0
Scioto Township,M100000US391297087099999,2012,Solar,Facilities,1.0
Scioto Township,M100000US391297087099999,2013,Solar,Facilities,2.0
Scioto Township,M100000US391297087099999,2016,Solar,Facilities,1.0
Scioto Township,M100000US391297087099999,2017,Solar,Facilities,1.0
Scioto Township,M100000US391297087099999,2018,Solar,Facilities,1.0
Scioto Township,M100000US391297087099999,2019,Solar,Facilities,2.0
Scioto Township,M100000US391297087099999,2020,Solar,Facilities,1.0
Scioto Township,M100000US391297087099999,2021,Energy Storage,Facilities,1.0
Scioto Township,M100000US391297087099999,2021,Solar,Facilities,4.0
Scioto Township,M100000US391297087099999,2022,Solar,Facilities,2.0
Scioto Township,M100000US391297087099999,2023,Energy Storage,Facilities,1.0
Scioto Township,M100000US391297087099999,2023,Solar,Facilities,6.0
Scioto Township,M100000US391297087099999,2024,Solar,Facilities,3.0
Centerburg Village,M100000US3913036,2012,Solar,Facilities,2.0
Centerburg Village,M100000US3913036,2019,Solar,Facilities,1.0
Centerburg Village,M100000US3913036,2020,Solar,Facilities,1.0
Centerburg Village,M100000US3913036,2023,Solar,Facilities,2.0
Concord Township,M100000US391411823899999,2018,Solar,Facilities,1.0
Franklin Township,M100000US391412842099999,2018,Solar,Facilities,1.0
Franklin Township,M100000US391412842099999,2019,Solar,Facilities,1.0
Franklin Township,M100000US391412842099999,2020,Solar,Facilities,1.0
Franklin Township,M100000US391412842099999,2021,Solar,Facilities,1.0
Franklin Township,M100000US391412842099999,2022,Solar,Facilities,2.0
Franklin Township,M100000US391412842099999,2024,Solar,Facilities,1.0
Green Township,M100000US391413182299999,2007,Solar,Facilities,1.0
Green Township,M100000US391413182299999,2015,Solar,Facilities,1.0
Green Township,M100000US391413182299999,2020,Solar,Facilities,1.0
Harrison Township,M100000US391413400699999,2019,Solar,Facilities,1.0
Harrison Township,M100000US391413400699999,2021,Solar,Facilities,1.0
Huntington Township,M100000US391413689099999,2019,Solar,Facilities,3.0
Huntington Township,M100000US391413689099999,2020,Solar,Facilities,1.0
Huntington Township,M100000US391413689099999,2022,Solar,Facilities,1.0
Huntington Township,M100000US391413689099999,2023,Solar,Facilities,4.0
Jefferson Township,M100000US391413880899999,2015,Solar,Facilities,1.0
Jefferson Township,M100000US391413880899999,2020,Solar,Facilities,1.0
Jefferson Township,M100000US391413880899999,2022,Solar,Facilities,2.0
Jefferson Township,M100000US391413880899999,2023,Solar,Facilities,2.0
Liberty Township,M100000US391414330299999,2015,Solar,Facilities,1.0
Liberty Township,M100000US391414330299999,2018,Solar,Facilities,2.0
Liberty Township,M100000US391414330299999,2019,Solar,Facilities,1.0
Liberty Township,M100000US391414330299999,2020,Solar,Facilities,1.0
Liberty Township,M100000US391414330299999,2021,Solar,Facilities,6.0
Liberty Township,M100000US391414330299999,2022,Solar,Facilities,2.0
Liberty Township,M100000US391414330299999,2023,Solar,Facilities,4.0
Liberty Township,M100000US391414330299999,2024,Solar,Facilities,1.0
Scioto Township,M100000US391417089899999,2018,Solar,Facilities,1.0
Scioto Township,M100000US391417089899999,2020,Solar,Facilities,1.0
Scioto Township,M100000US391417089899999,2021,Solar,Facilities,2.0
Scioto Township,M100000US391417089899999,2024,Solar,Facilities,2.0
Springfield Township,M100000US391417412999999,2021,Solar,Facilities,1.0
Springfield Township,M100000US391417412999999,2023,Solar,Facilities,1.0
Springfield Township,M100000US391417412999999,2024,Solar,Facilities,1.0
Twin Township,M100000US391417800899999,2015,Solar,Facilities,2.0
Twin Township,M100000US391417800899999,2020,Solar,Facilities,3.0
Twin Township,M100000US391417800899999,2021,Solar,Facilities,1.0
Twin Township,M100000US391417800899999,2022,Energy Storage,Facilities,1.0
Twin Township,M100000US391417800899999,2022,Solar,Facilities,3.0
Twin Township,M100000US391417800899999,2023,Solar,Facilities,2.0
Twin Township,M100000US391417800899999,2024,Solar,Facilities,3.0
Union Township,M100000US391417854099999,2013,Biofuel,Facilities,1.0
Union Township,M100000US391417854099999,2019,Solar,Facilities,2.0
Union Township,M100000US391417854099999,2020,Solar,Facilities,2.0
Union Township,M100000US391417854099999,2021,Solar,Facilities,1.0
Union Township,M100000US391417854099999,2022,Solar,Facilities,1.0
Union Township,M100000US391417854099999,2023,Solar,Facilities,2.0
Union Township,M100000US391417854099999,2024,Solar,Facilities,5.0
Chillicothe City,M100000US3914184,2011,Solar,Facilities,1.0
Chillicothe City,M100000US3914184,2013,Solar,Facilities,1.0
Chillicothe City,M100000US3914184,2015,Solar,Facilities,1.0
Chillicothe City,M100000US3914184,2019,Solar,Facilities,3.0
Chillicothe City,M100000US3914184,2020,Solar,Facilities,1.0
Chillicothe City,M100000US3914184,2021,Solar,Facilities,5.0
Chillicothe City,M100000US3914184,2022,Energy Storage,Facilities,1.0
Chillicothe City,M100000US3914184,2022,Solar,Facilities,11.0
Chillicothe City,M100000US3914184,2023,Solar,Facilities,2.0
Chillicothe City,M100000US3914184,2024,Solar,Facilities,9.0
Circleville City,M100000US3915070,2018,Solar,Facilities,1.0
Circleville City,M100000US3915070,2019,Solar,Facilities,3.0
Circleville City,M100000US3915070,2020,Solar,Facilities,1.0
Circleville City,M100000US3915070,2021,Energy Storage,Facilities,1.0
Circleville City,M100000US3915070,2021,Solar,Facilities,4.0
Circleville City,M100000US3915070,2022,Solar,Facilities,2.0
Circleville City,M100000US3915070,2023,Solar,Facilities,9.0
Circleville City,M100000US3915070,2024,Solar,Facilities,6.0
Claibourne Township,M100000US391591511299999,2011,Solar,Facilities,1.0
Claibourne Township,M100000US391591511299999,2018,Solar,Facilities,1.0
Claibourne Township,M100000US391591511299999,2019,Solar,Facilities,1.0
Claibourne Township,M100000US391591511299999,2020,Solar,Facilities,1.0
Claibourne Township,M100000US391591511299999,2024,Solar,Facilities,3.0
Darby Township,M100000US391592017099999,2020,Solar,Facilities,1.0
Darby Township,M100000US391592017099999,2021,Solar,Facilities,1.0
Darby Township,M100000US391592017099999,2022,Solar,Facilities,2.0
Darby Township,M100000US391592017099999,2023,Solar,Facilities,2.0
Jackson Township,M100000US391593810899999,2019,Solar,Facilities,1.0
Jackson Township,M100000US391593810899999,2021,Solar,Facilities,1.0
Jackson Township,M100000US391593810899999,2022,Energy Storage,Facilities,1.0
Jackson Township,M100000US391593810899999,2022,Solar,Facilities,1.0
Jerome Township,M100000US391593904699999,2015,Solar,Facilities,1.0
Jerome Township,M100000US391593904699999,2018,Solar,Facilities,1.0
Jerome Township,M100000US391593904699999,2021,Solar,Facilities,2.0
Jerome Township,M100000US391593904699999,2022,Solar,Facilities,2.0
Jerome Township,M100000US391593904699999,2023,Solar,Facilities,9.0
Jerome Township,M100000US391593904699999,2024,Solar,Facilities,8.0
Leesburg Township,M100000US391594249099999,2021,Solar,Facilities,1.0
Liberty Township,M100000US391594335899999,2022,Solar,Facilities,1.0
Millcreek Township,M100000US391595028899999,2016,Solar,Facilities,1.0
Millcreek Township,M100000US391595028899999,2018,Solar,Facilities,1.0
Millcreek Township,M100000US391595028899999,2020,Solar,Facilities,1.0
Millcreek Township,M100000US391595028899999,2021,Solar,Facilities,1.0
Millcreek Township,M100000US391595028899999,2023,Solar,Facilities,1.0
Paris Township,M100000US391595986499999,2022,Solar,Facilities,1.0
Taylor Township,M100000US391597619499999,2011,Solar,Facilities,1.0
Taylor Township,M100000US391597619499999,2017,Solar,Facilities,1.0
Taylor Township,M100000US391597619499999,2022,Solar,Facilities,1.0
Union Township,M100000US391597858299999,2017,Solar,Facilities,1.0
Union Township,M100000US391597858299999,2020,Solar,Facilities,1.0
Union Township,M100000US391597858299999,2022,Solar,Facilities,1.0
Union Township,M100000US391597858299999,2023,Solar,Facilities,1.0
Washington Township,M100000US391598166299999,2020,Solar,Facilities,1.0
Washington Township,M100000US391598166299999,2022,Solar,Facilities,1.0
York Township,M100000US391598712299999,2019,Solar,Facilities,1.0
York Township,M100000US391598712299999,2021,Solar,Facilities,1.0
York Township,M100000US391598712299999,2024,Solar,Facilities,1.0
Columbus City,M100000US3918000,2006,Solar,Facilities,1.0
Columbus City,M100000US3918000,2009,Solar,Facilities,2.0
Columbus City,M100000US3918000,2010,Solar,Facilities,9.0
Columbus City,M100000US3918000,2010,Wind,Facilities,1.0
Columbus City,M100000US3918000,2011,Solar,Facilities,19.0
Columbus City,M100000US3918000,2012,Solar,Facilities,8.0
Columbus City,M100000US3918000,2013,Solar,Facilities,30.0
Columbus City,M100000US3918000,2014,Solar,Facilities,11.0
Columbus City,M100000US3918000,2015,Solar,Facilities,34.0
Columbus City,M100000US3918000,2016,Solar,Facilities,29.0
Columbus City,M100000US3918000,2017,Energy Storage,Facilities,1.0
Columbus City,M100000US3918000,2017,Solar,Facilities,57.0
Columbus City,M100000US3918000,2018,Solar,Facilities,64.0
Columbus City,M100000US3918000,2019,Energy Storage,Facilities,1.0
Columbus City,M100000US3918000,2019,Solar,Facilities,148.0
Columbus City,M100000US3918000,2020,Energy Storage,Facilities,1.0
Columbus City,M100000US3918000,2020,Solar,Facilities,231.0
Columbus City,M100000US3918000,2021,Energy Storage,Facilities,4.0
Columbus City,M100000US3918000,2021,Solar,Facilities,423.0
Columbus City,M100000US3918000,2022,Energy Storage,Facilities,2.0
Columbus City,M100000US3918000,2022,Solar,Facilities,587.0
Columbus City,M100000US3918000,2023,Energy Storage,Facilities,33.0
Columbus City,M100000US3918000,2023,Solar,Facilities,849.0
Columbus City,M100000US3918000,2024,Energy Storage,Facilities,8.0
Columbus City,M100000US3918000,2024,Solar,Facilities,949.0
Commercial Point Village,M100000US3918070,2022,Solar,Facilities,1.0
Commercial Point Village,M100000US3918070,2023,Solar,Facilities,4.0
Commercial Point Village,M100000US3918070,2024,Solar,Facilities,1.0
Corning Village,M100000US3918770,2022,Solar,Facilities,1.0
Crooksville Village,M100000US3919456,2024,Solar,Facilities,1.0
Danville Village,M100000US3920114,2011,Solar,Facilities,1.0
Danville Village,M100000US3920114,2019,Solar,Facilities,1.0
Danville Village,M100000US3920114,2020,Solar,Facilities,2.0
Danville Village,M100000US3920114,2023,Solar,Facilities,2.0
De Graff Village,M100000US3921378,2023,Solar,Facilities,1.0
De Graff Village,M100000US3921378,2024,Solar,Facilities,1.0
Delaware City,M100000US3921434,2006,Solar,Facilities,1.0
Delaware City,M100000US3921434,2010,Wind,Facilities,1.0
Delaware City,M100000US3921434,2014,Solar,Facilities,1.0
Delaware City,M100000US3921434,2015,Solar,Facilities,2.0
Delaware City,M100000US3921434,2016,Solar,Facilities,5.0
Delaware City,M100000US3921434,2017,Solar,Facilities,11.0
Delaware City,M100000US3921434,2018,Solar,Facilities,5.0
Delaware City,M100000US3921434,2019,Solar,Facilities,11.0
Delaware City,M100000US3921434,2020,Solar,Facilities,12.0
Delaware City,M100000US3921434,2021,Solar,Facilities,20.0
Delaware City,M100000US3921434,2022,Solar,Facilities,28.0
Delaware City,M100000US3921434,2023,Energy Storage,Facilities,3.0
Delaware City,M100000US3921434,2023,Solar,Facilities,88.0
Delaware City,M100000US3921434,2024,Energy Storage,Facilities,2.0
Delaware City,M100000US3921434,2024,Solar,Facilities,78.0
Dublin City,M100000US3922694,2007,Solar,Facilities,1.0
Dublin City,M100000US3922694,2010,Solar,Facilities,1.0
Dublin City,M100000US3922694,2012,Solar,Facilities,1.0
Dublin City,M100000US3922694,2013,Solar,Facilities,1.0
Dublin City,M100000US3922694,2015,Natural Gas/Propane,Facilities,1.0
Dublin City,M100000US3922694,2015,Solar,Facilities,2.0
Dublin City,M100000US3922694,2016,Solar,Facilities,2.0
Dublin City,M100000US3922694,2017,Solar,Facilities,2.0
Dublin City,M100000US3922694,2018,Solar,Facilities,1.0
Dublin City,M100000US3922694,2019,Solar,Facilities,8.0
Dublin City,M100000US3922694,2020,Solar,Facilities,13.0
Dublin City,M100000US3922694,2021,Solar,Facilities,20.0
Dublin City,M100000US3922694,2022,Energy Storage,Facilities,1.0
Dublin City,M100000US3922694,2022,Solar,Facilities,17.0
Dublin City,M100000US3922694,2023,Energy Storage,Facilities,1.0
Dublin City,M100000US3922694,2023,Solar,Facilities,33.0
Dublin City,M100000US3922694,2024,Energy Storage,Facilities,2.0
Dublin City,M100000US3922694,2024,Solar,Facilities,33.0
Edison Village,M100000US3924598,2020,Solar,Facilities,1.0
Edison Village,M100000US3924598,2023,Solar,Facilities,2.0
Edison Village,M100000US3924598,2024,Solar,Facilities,1.0
Fredericktown Village,M100000US3928658,2014,Solar,Facilities,1.0
Fredericktown Village,M100000US3928658,2016,Solar,Facilities,1.0
Fredericktown Village,M100000US3928658,2020,Solar,Facilities,2.0
Fredericktown Village,M100000US3928658,2023,Solar,Facilities,1.0
Fredericktown Village,M100000US3928658,2024,Solar,Facilities,2.0
Fulton Village,M100000US3929050,2024,Solar,Facilities,1.0
Gahanna City,M100000US3929106,2010,Solar,Facilities,1.0
Gahanna City,M100000US3929106,2012,Solar,Facilities,4.0
Gahanna City,M100000US3929106,2013,Solar,Facilities,1.0
Gahanna City,M100000US3929106,2014,Solar,Facilities,2.0
Gahanna City,M100000US3929106,2015,Solar,Facilities,2.0
Gahanna City,M100000US3929106,2016,Solar,Facilities,1.0
Gahanna City,M100000US3929106,2017,Solar,Facilities,5.0
Gahanna City,M100000US3929106,2018,Solar,Facilities,6.0
Gahanna City,M100000US3929106,2019,Solar,Facilities,14.0
Gahanna City,M100000US3929106,2020,Solar,Facilities,18.0
Gahanna City,M100000US3929106,2021,Solar,Facilities,26.0
Gahanna City,M100000US3929106,2022,Energy Storage,Facilities,2.0
Gahanna City,M100000US3929106,2022,Solar,Facilities,40.0
Gahanna City,M100000US3929106,2023,Energy Storage,Facilities,1.0
Gahanna City,M100000US3929106,2023,Solar,Facilities,52.0
Gahanna City,M100000US3929106,2024,Solar,Facilities,82.0
Galena Village,M100000US3929148,2020,Solar,Facilities,2.0
Galena Village,M100000US3929148,2021,Solar,Facilities,2.0
Galena Village,M100000US3929148,2024,Solar,Facilities,1.0
Gambier Village,M100000US3929246,2015,Solar,Facilities,1.0
Gambier Village,M100000US3929246,2017,Solar,Facilities,8.0
Gambier Village,M100000US3929246,2018,Solar,Facilities,1.0
Gambier Village,M100000US3929246,2019,Solar,Facilities,1.0
Gambier Village,M100000US3929246,2020,Solar,Facilities,1.0
Gambier Village,M100000US3929246,2022,Solar,Facilities,2.0
Gambier Village,M100000US3929246,2023,Solar,Facilities,1.0
Gann (Brinkhaven) Village,M100000US3929288,2021,Solar,Facilities,1.0
Gann (Brinkhaven) Village,M100000US3929288,2023,Solar,Facilities,1.0
Glenford Village,M100000US3930436,2021,Solar,Facilities,2.0
Glenford Village,M100000US3930436,2022,Solar,Facilities,1.0
Grandview Heights City,M100000US3931304,2010,Solar,Facilities,1.0
Grandview Heights City,M100000US3931304,2016,Solar,Facilities,1.0
Grandview Heights City,M100000US3931304,2017,Solar,Facilities,3.0
Grandview Heights City,M100000US3931304,2019,Solar,Facilities,4.0
Grandview Heights City,M100000US3931304,2020,Solar,Facilities,6.0
Grandview Heights City,M100000US3931304,2021,Solar,Facilities,6.0
Grandview Heights City,M100000US3931304,2022,Solar,Facilities,9.0
Grandview Heights City,M100000US3931304,2023,Solar,Facilities,6.0
Grandview Heights City,M100000US3931304,2024,Solar,Facilities,5.0
Granville Village,M100000US3931402,2009,Solar,Facilities,1.0
Granville Village,M100000US3931402,2010,Solar,Facilities,1.0
Granville Village,M100000US3931402,2012,Solar,Facilities,2.0
Granville Village,M100000US3931402,2013,Solar,Facilities,2.0
Granville Village,M100000US3931402,2014,Solar,Facilities,2.0
Granville Village,M100000US3931402,2015,Solar,Facilities,2.0
Granville Village,M100000US3931402,2016,Solar,Facilities,1.0
Granville Village,M100000US3931402,2017,Solar,Facilities,3.0
Granville Village,M100000US3931402,2018,Solar,Facilities,3.0
Granville Village,M100000US3931402,2019,Solar,Facilities,3.0
Granville Village,M100000US3931402,2020,Solar,Facilities,8.0
Granville Village,M100000US3931402,2021,Solar,Facilities,1.0
Granville Village,M100000US3931402,2022,Solar,Facilities,2.0
Granville Village,M100000US3931402,2023,Solar,Facilities,4.0
Granville Village,M100000US3931402,2024,Energy Storage,Facilities,1.0
Granville Village,M100000US3931402,2024,Solar,Facilities,3.0
Green Camp Village,M100000US3931948,2021,Solar,Facilities,1.0
Grove City City,M100000US3932592,2010,Solar,Facilities,1.0
Grove City City,M100000US3932592,2011,Solar,Facilities,2.0
Grove City City,M100000US3932592,2012,Solar,Facilities,1.0
Grove City City,M100000US3932592,2015,Solar,Facilities,1.0
Grove City City,M100000US3932592,2016,Solar,Facilities,1.0
Grove City City,M100000US3932592,2017,Solar,Facilities,2.0
Grove City City,M100000US3932592,2018,Solar,Facilities,2.0
Grove City City,M100000US3932592,2019,Solar,Facilities,9.0
Grove City City,M100000US3932592,2020,Solar,Facilities,15.0
Grove City City,M100000US3932592,2021,Solar,Facilities,32.0
Grove City City,M100000US3932592,2022,Solar,Facilities,38.0
Grove City City,M100000US3932592,2023,Energy Storage,Facilities,2.0
Grove City City,M100000US3932592,2023,Natural Gas/Propane,Facilities,1.0
Grove City City,M100000US3932592,2023,Solar,Facilities,68.0
Grove City City,M100000US3932592,2024,Solar,Facilities,76.0
Groveport City,M100000US3932606,2000,Wind,Facilities,1.0
Groveport City,M100000US3932606,2008,Solar,Facilities,1.0
Groveport City,M100000US3932606,2014,Solar,Facilities,1.0
Groveport City,M100000US3932606,2019,Solar,Facilities,2.0
Groveport City,M100000US3932606,2020,Solar,Facilities,1.0
Groveport City,M100000US3932606,2021,Solar,Facilities,1.0
Groveport City,M100000US3932606,2022,Solar,Facilities,6.0
Groveport City,M100000US3932606,2023,Solar,Facilities,7.0
Groveport City,M100000US3932606,2024,Solar,Facilities,13.0
Hanover Village,M100000US3933292,2018,Solar,Facilities,1.0
Hanover Village,M100000US3933292,2022,Solar,Facilities,1.0
Hanover Village,M100000US3933292,2023,Solar,Facilities,1.0
Hanover Village,M100000US3933292,2024,Solar,Facilities,2.0
Harrisburg Village,M100000US3933740,2023,Solar,Facilities,1.0
Heath City,M100000US3934748,2008,Solar,Facilities,1.0
Heath City,M100000US3934748,2016,Solar,Facilities,1.0
Heath City,M100000US3934748,2018,Solar,Facilities,1.0
Heath City,M100000US3934748,2019,Solar,Facilities,4.0
Heath City,M100000US3934748,2020,Solar,Facilities,1.0
Heath City,M100000US3934748,2021,Solar,Facilities,3.0
Heath City,M100000US3934748,2022,Solar,Facilities,1.0
Heath City,M100000US3934748,2023,Solar,Facilities,8.0
Heath City,M100000US3934748,2024,Solar,Facilities,14.0
Hebron Village,M100000US3934790,2018,Solar,Facilities,1.0
Hebron Village,M100000US3934790,2019,Solar,Facilities,2.0
Hebron Village,M100000US3934790,2022,Solar,Facilities,1.0
Hebron Village,M100000US3934790,2023,Solar,Facilities,2.0
Hebron Village,M100000US3934790,2024,Solar,Facilities,2.0
Hilliard City,M100000US3935476,2011,Solar,Facilities,3.0
Hilliard City,M100000US3935476,2012,Solar,Facilities,1.0
Hilliard City,M100000US3935476,2015,Solar,Facilities,1.0
Hilliard City,M100000US3935476,2016,Solar,Facilities,3.0
Hilliard City,M100000US3935476,2017,Solar,Facilities,4.0
Hilliard City,M100000US3935476,2018,Solar,Facilities,1.0
Hilliard City,M100000US3935476,2019,Solar,Facilities,10.0
Hilliard City,M100000US3935476,2020,Solar,Facilities,17.0
Hilliard City,M100000US3935476,2021,Solar,Facilities,31.0
Hilliard City,M100000US3935476,2022,Energy Storage,Facilities,1.0
Hilliard City,M100000US3935476,2022,Solar,Facilities,22.0
Hilliard City,M100000US3935476,2023,Energy Storage,Facilities,2.0
Hilliard City,M100000US3935476,2023,Solar,Facilities,66.0
Hilliard City,M100000US3935476,2024,Energy Storage,Facilities,1.0
Hilliard City,M100000US3935476,2024,Solar,Facilities,48.0
Jeffersonville Village,M100000US3938920,2023,Solar,Facilities,1.0
Jeffersonville Village,M100000US3938920,2024,Solar,Facilities,1.0
Johnstown City,M100000US3939340,2019,Solar,Facilities,1.0
Johnstown City,M100000US3939340,2021,Solar,Facilities,1.0
Johnstown City,M100000US3939340,2022,Solar,Facilities,4.0
Johnstown City,M100000US3939340,2023,Solar,Facilities,1.0
Johnstown City,M100000US3939340,2024,Solar,Facilities,4.0
Kirkersville Village,M100000US3940572,2024,Solar,Facilities,1.0
Lancaster City,M100000US3941720,2010,Solar,Facilities,1.0
Lancaster City,M100000US3941720,2011,Solar,Facilities,1.0
Lancaster City,M100000US3941720,2013,Solar,Facilities,2.0
Lancaster City,M100000US3941720,2016,Solar,Facilities,1.0
Lancaster City,M100000US3941720,2017,Solar,Facilities,1.0
Lancaster City,M100000US3941720,2018,Solar,Facilities,2.0
Lancaster City,M100000US3941720,2019,Solar,Facilities,5.0
Lancaster City,M100000US3941720,2020,Solar,Facilities,5.0
Lancaster City,M100000US3941720,2021,Solar,Facilities,10.0
Lancaster City,M100000US3941720,2022,Energy Storage,Facilities,1.0
Lancaster City,M100000US3941720,2022,Solar,Facilities,21.0
Lancaster City,M100000US3941720,2023,Energy Storage,Facilities,2.0
Lancaster City,M100000US3941720,2023,Solar,Facilities,18.0
Lancaster City,M100000US3941720,2024,Solar,Facilities,23.0
La Rue Village,M100000US3941902,2023,Solar,Facilities,1.0
Logan City,M100000US3944632,2010,Solar,Facilities,1.0
Logan City,M100000US3944632,2010,Wind,Facilities,1.0
Logan City,M100000US3944632,2014,Solar,Facilities,2.0
Logan City,M100000US3944632,2018,Solar,Facilities,3.0
Logan City,M100000US3944632,2019,Solar,Facilities,5.0
Logan City,M100000US3944632,2020,Solar,Facilities,2.0
Logan City,M100000US3944632,2021,Solar,Facilities,4.0
Logan City,M100000US3944632,2023,Solar,Facilities,1.0
Logan City,M100000US3944632,2024,Solar,Facilities,1.0
London City,M100000US3944674,2011,Solar,Facilities,2.0
London City,M100000US3944674,2012,Solar,Facilities,2.0
London City,M100000US3944674,2013,Solar,Facilities,1.0
London City,M100000US3944674,2014,Solar,Facilities,1.0
London City,M100000US3944674,2016,Solar,Facilities,1.0
London City,M100000US3944674,2019,Solar,Facilities,1.0
London City,M100000US3944674,2020,Solar,Facilities,1.0
London City,M100000US3944674,2021,Solar,Facilities,1.0
London City,M100000US3944674,2022,Energy Storage,Facilities,1.0
London City,M100000US3944674,2022,Solar,Facilities,6.0
London City,M100000US3944674,2023,Solar,Facilities,3.0
London City,M100000US3944674,2024,Solar,Facilities,14.0
Marble Cliff Village,M100000US3947474,2018,Solar,Facilities,1.0
Marble Cliff Village,M100000US3947474,2020,Solar,Facilities,3.0
Marble Cliff Village,M100000US3947474,2022,Solar,Facilities,1.0
Marble Cliff Village,M100000US3947474,2023,Solar,Facilities,1.0
Marble Cliff Village,M100000US3947474,2024,Solar,Facilities,1.0
Marion City,M100000US3947754,2016,Solar,Facilities,1.0
Marion City,M100000US3947754,2019,Solar,Facilities,3.0
Marion City,M100000US3947754,2020,Solar,Facilities,6.0
Marion City,M100000US3947754,2021,Solar,Facilities,3.0
Marion City,M100000US3947754,2022,Energy Storage,Facilities,2.0
Marion City,M100000US3947754,2022,Solar,Facilities,13.0
Marion City,M100000US3947754,2023,Solar,Facilities,5.0
Marion City,M100000US3947754,2024,Solar,Facilities,11.0
Marysville City,M100000US3948160,2019,Solar,Facilities,3.0
Marysville City,M100000US3948160,2020,Solar,Facilities,3.0
Marysville City,M100000US3948160,2021,Solar,Facilities,4.0
Marysville City,M100000US3948160,2022,Solar,Facilities,13.0
Marysville City,M100000US3948160,2023,Solar,Facilities,20.0
Marysville City,M100000US3948160,2024,Solar,Facilities,13.0
Milford Center Village,M100000US3950218,2022,Solar,Facilities,2.0
Millersport Village,M100000US3950400,2022,Solar,Facilities,2.0
Millersport Village,M100000US3950400,2023,Solar,Facilities,2.0
Minerva Park Village,M100000US3950862,2019,Solar,Facilities,3.0
Minerva Park Village,M100000US3950862,2020,Solar,Facilities,2.0
Minerva Park Village,M100000US3950862,2021,Solar,Facilities,4.0
Minerva Park Village,M100000US3950862,2022,Solar,Facilities,8.0
Minerva Park Village,M100000US3950862,2023,Solar,Facilities,12.0
Minerva Park Village,M100000US3950862,2024,Solar,Facilities,9.0
Mount Gilead Village,M100000US3952738,2014,Solar,Facilities,1.0
Mount Gilead Village,M100000US3952738,2018,Solar,Facilities,1.0
Mount Gilead Village,M100000US3952738,2019,Solar,Facilities,1.0
Mount Gilead Village,M100000US3952738,2021,Solar,Facilities,1.0
Mount Gilead Village,M100000US3952738,2022,Solar,Facilities,2.0
Mount Sterling Village,M100000US3953046,2020,Solar,Facilities,1.0
Mount Sterling Village,M100000US3953046,2022,Solar,Facilities,1.0
Mount Sterling Village,M100000US3953046,2023,Solar,Facilities,1.0
Mount Sterling Village,M100000US3953046,2024,Solar,Facilities,10.0
Mount Vernon City,M100000US3953102,2018,Solar,Facilities,1.0
Mount Vernon City,M100000US3953102,2019,Solar,Facilities,3.0
Mount Vernon City,M100000US3953102,2020,Solar,Facilities,4.0
Mount Vernon City,M100000US3953102,2021,Solar,Facilities,3.0
Mount Vernon City,M100000US3953102,2022,Solar,Facilities,6.0
Mount Vernon City,M100000US3953102,2023,Energy Storage,Facilities,1.0
Mount Vernon City,M100000US3953102,2023,Solar,Facilities,12.0
Mount Vernon City,M100000US3953102,2024,Solar,Facilities,9.0
New Albany City,M100000US3953970,2007,Solar,Facilities,1.0
New Albany City,M100000US3953970,2012,Solar,Facilities,1.0
New Albany City,M100000US3953970,2013,Solar,Facilities,1.0
New Albany City,M100000US3953970,2015,Solar,Facilities,1.0
New Albany City,M100000US3953970,2016,Solar,Facilities,1.0
New Albany City,M100000US3953970,2018,Solar,Facilities,1.0
New Albany City,M100000US3953970,2019,Solar,Facilities,1.0
New Albany City,M100000US3953970,2020,Solar,Facilities,1.0
New Albany City,M100000US3953970,2021,Energy Storage,Facilities,1.0
New Albany City,M100000US3953970,2021,Solar,Facilities,3.0
New Albany City,M100000US3953970,2022,Solar,Facilities,4.0
New Albany City,M100000US3953970,2023,Energy Storage,Facilities,2.0
New Albany City,M100000US3953970,2023,Solar,Facilities,7.0
New Albany City,M100000US3953970,2024,Solar,Facilities,5.0
Newark City,M100000US3954040,2013,Solar,Facilities,1.0
Newark City,M100000US3954040,2015,Solar,Facilities,3.0
Newark City,M100000US3954040,2016,Solar,Facilities,1.0
Newark City,M100000US3954040,2017,Solar,Facilities,3.0
Newark City,M100000US3954040,2018,Solar,Facilities,4.0
Newark City,M100000US3954040,2019,Solar,Facilities,13.0
Newark City,M100000US3954040,2020,Solar,Facilities,7.0
Newark City,M100000US3954040,2021,Solar,Facilities,9.0
Newark City,M100000US3954040,2022,Solar,Facilities,22.0
Newark City,M100000US3954040,2023,Natural Gas/Propane,Facilities,1.0
Newark City,M100000US3954040,2023,Solar,Facilities,34.0
Newark City,M100000US3954040,2024,Solar,Facilities,35.0
New Holland Village,M100000US3954726,2020,Solar,Facilities,1.0
New Holland Village,M100000US3954726,2022,Solar,Facilities,2.0
New Lexington Village,M100000US3954866,2018,Solar,Facilities,2.0
New Lexington Village,M100000US3954866,2019,Solar,Facilities,1.0
New Lexington Village,M100000US3954866,2020,Solar,Facilities,1.0
New Lexington Village,M100000US3954866,2021,Solar,Facilities,1.0
New Lexington Village,M100000US3954866,2022,Solar,Facilities,1.0
New Straitsville Village,M100000US3955552,2020,Solar,Facilities,1.0
Obetz City,M100000US3957862,2018,Solar,Facilities,1.0
Obetz City,M100000US3957862,2020,Solar,Facilities,3.0
Obetz City,M100000US3957862,2022,Solar,Facilities,6.0
Obetz City,M100000US3957862,2023,Energy Storage,Facilities,3.0
Obetz City,M100000US3957862,2023,Solar,Facilities,17.0
Obetz City,M100000US3957862,2024,Solar,Facilities,41.0
Ostrander Village,M100000US3958940,2017,Solar,Facilities,1.0
Ostrander Village,M100000US3958940,2020,Solar,Facilities,1.0
Ostrander Village,M100000US3958940,2021,Solar,Facilities,1.0
Ostrander Village,M100000US3958940,2023,Solar,Facilities,1.0
Ostrander Village,M100000US3958940,2024,Solar,Facilities,1.0
Pataskala City,M100000US3961112,2014,Solar,Facilities,1.0
Pataskala City,M100000US3961112,2017,Solar,Facilities,2.0
Pataskala City,M100000US3961112,2018,Solar,Facilities,2.0
Pataskala City,M100000US3961112,2019,Solar,Facilities,3.0
Pataskala City,M100000US3961112,2020,Solar,Facilities,4.0
Pataskala City,M100000US3961112,2021,Solar,Facilities,15.0
Pataskala City,M100000US3961112,2022,Solar,Facilities,16.0
Pataskala City,M100000US3961112,2023,Energy Storage,Facilities,1.0
Pataskala City,M100000US3961112,2023,Solar,Facilities,28.0
Pataskala City,M100000US3961112,2024,Solar,Facilities,29.0
Pickerington City,M100000US3962498,2024,Energy Storage,Facilities,1.0
Pickerington City,M100000US3962498,2024,Solar,Facilities,1.0
Plain City Village,M100000US3963030,2012,Solar,Facilities,1.0
Plain City Village,M100000US3963030,2016,Solar,Facilities,1.0
Plain City Village,M100000US3963030,2017,Solar,Facilities,1.0
Plain City Village,M100000US3963030,2019,Solar,Facilities,3.0
Plain City Village,M100000US3963030,2020,Solar,Facilities,1.0
Plain City Village,M100000US3963030,2021,Solar,Facilities,3.0
Plain City Village,M100000US3963030,2022,Energy Storage,Facilities,1.0
Plain City Village,M100000US3963030,2022,Solar,Facilities,3.0
Plain City Village,M100000US3963030,2023,Solar,Facilities,7.0
Plain City Village,M100000US3963030,2024,Solar,Facilities,7.0
Pleasantville Village,M100000US3963716,2018,Solar,Facilities,1.0
Pleasantville Village,M100000US3963716,2023,Solar,Facilities,1.0
Powell City,M100000US3964486,2012,Solar,Facilities,1.0
Powell City,M100000US3964486,2013,Solar,Facilities,2.0
Powell City,M100000US3964486,2018,Solar,Facilities,1.0
Powell City,M100000US3964486,2019,Solar,Facilities,3.0
Powell City,M100000US3964486,2020,Solar,Facilities,7.0
Powell City,M100000US3964486,2021,Solar,Facilities,4.0
Powell City,M100000US3964486,2022,Solar,Facilities,8.0
Powell City,M100000US3964486,2023,Energy Storage,Facilities,3.0
Powell City,M100000US3964486,2023,Solar,Facilities,15.0
Powell City,M100000US3964486,2024,Solar,Facilities,9.0
Quincy Village,M100000US3965200,2020,Solar,Facilities,1.0
Quincy Village,M100000US3965200,2022,Solar,Facilities,2.0
Quincy Village,M100000US3965200,2023,Solar,Facilities,2.0
Reynoldsburg City,M100000US3966390,2010,Solar,Facilities,1.0
Reynoldsburg City,M100000US3966390,2011,Solar,Facilities,1.0
Reynoldsburg City,M100000US3966390,2014,Solar,Facilities,1.0
Reynoldsburg City,M100000US3966390,2015,Solar,Facilities,1.0
Reynoldsburg City,M100000US3966390,2016,Solar,Facilities,1.0
Reynoldsburg City,M100000US3966390,2017,Solar,Facilities,1.0
Reynoldsburg City,M100000US3966390,2018,Solar,Facilities,1.0
Reynoldsburg City,M100000US3966390,2019,Solar,Facilities,10.0
Reynoldsburg City,M100000US3966390,2020,Solar,Facilities,20.0
Reynoldsburg City,M100000US3966390,2021,Energy Storage,Facilities,1.0
Reynoldsburg City,M100000US3966390,2021,Solar,Facilities,46.0
Reynoldsburg City,M100000US3966390,2022,Solar,Facilities,36.0
Reynoldsburg City,M100000US3966390,2023,Energy Storage,Facilities,1.0
Reynoldsburg City,M100000US3966390,2023,Solar,Facilities,40.0
Reynoldsburg City,M100000US3966390,2024,Solar,Facilities,64.0
Richwood Village,M100000US3966936,2019,Solar,Facilities,2.0
Richwood Village,M100000US3966936,2021,Solar,Facilities,1.0
Richwood Village,M100000US3966936,2022,Energy Storage,Facilities,1.0
Richwood Village,M100000US3966936,2022,Solar,Facilities,2.0
Riverlea Village,M100000US3967440,2019,Solar,Facilities,1.0
Riverlea Village,M100000US3967440,2020,Solar,Facilities,1.0
Riverlea Village,M100000US3967440,2021,Solar,Facilities,1.0
Roseville Village,M100000US3968560,2019,Solar,Facilities,1.0
Roseville Village,M100000US3968560,2024,Solar,Facilities,1.0
Rushsylvania Village,M100000US3969176,2023,Solar,Facilities,1.0
Rushville Village,M100000US3969204,2021,Solar,Facilities,1.0
Shawnee Hills Village,M100000US3971976,2015,Solar,Facilities,1.0
Shawnee Hills Village,M100000US3971976,2024,Solar,Facilities,1.0
Somerset Village,M100000US3972977,2020,Solar,Facilities,1.0
Somerset Village,M100000US3972977,2022,Solar,Facilities,2.0
South Solon Village,M100000US3973768,2022,Solar,Facilities,1.0
Sugar Grove Village,M100000US3975252,2020,Solar,Facilities,1.0
Sunbury City,M100000US3975602,2018,Solar,Facilities,1.0
Sunbury City,M100000US3975602,2019,Solar,Facilities,1.0
Sunbury City,M100000US3975602,2020,Solar,Facilities,1.0
Sunbury City,M100000US3975602,2021,Solar,Facilities,3.0
Sunbury City,M100000US3975602,2022,Solar,Facilities,2.0
Sunbury City,M100000US3975602,2023,Solar,Facilities,9.0
Sunbury City,M100000US3975602,2024,Solar,Facilities,8.0
Thornville Village,M100000US3976680,2020,Solar,Facilities,2.0
Thornville Village,M100000US3976680,2021,Solar,Facilities,2.0
Thornville Village,M100000US3976680,2022,Solar,Facilities,1.0
Unionville Center Village,M100000US3978834,2023,Solar,Facilities,1.0
Upper Arlington City,M100000US3979002,2009,Solar,Facilities,1.0
Upper Arlington City,M100000US3979002,2011,Solar,Facilities,2.0
Upper Arlington City,M100000US3979002,2013,Solar,Facilities,1.0
Upper Arlington City,M100000US3979002,2014,Solar,Facilities,1.0
Upper Arlington City,M100000US3979002,2015,Solar,Facilities,1.0
Upper Arlington City,M100000US3979002,2016,Solar,Facilities,5.0
Upper Arlington City,M100000US3979002,2017,Solar,Facilities,3.0
Upper Arlington City,M100000US3979002,2018,Solar,Facilities,9.0
Upper Arlington City,M100000US3979002,2019,Solar,Facilities,19.0
Upper Arlington City,M100000US3979002,2020,Solar,Facilities,16.0
Upper Arlington City,M100000US3979002,2021,Solar,Facilities,28.0
Upper Arlington City,M100000US3979002,2022,Energy Storage,Facilities,2.0
Upper Arlington City,M100000US3979002,2022,Solar,Facilities,30.0
Upper Arlington City,M100000US3979002,2023,Energy Storage,Facilities,2.0
Upper Arlington City,M100000US3979002,2023,Solar,Facilities,43.0
Upper Arlington City,M100000US3979002,2024,Energy Storage,Facilities,4.0
Upper Arlington City,M100000US3979002,2024,Solar,Facilities,42.0
Urbancrest Village,M100000US3979100,2010,Solar,Facilities,1.0
Urbancrest Village,M100000US3979100,2019,Solar,Facilities,1.0
Urbancrest Village,M100000US3979100,2020,Solar,Facilities,1.0
Urbancrest Village,M100000US3979100,2022,Solar,Facilities,1.0
Urbancrest Village,M100000US3979100,2024,Solar,Facilities,3.0
Utica Village,M100000US3979114,2018,Solar,Facilities,1.0
Utica Village,M100000US3979114,2021,Solar,Facilities,1.0
Utica Village,M100000US3979114,2022,Solar,Facilities,2.0
Utica Village,M100000US3979114,2023,Energy Storage,Facilities,1.0
Utica Village,M100000US3979114,2023,Solar,Facilities,2.0
Valleyview Village,M100000US3979282,2019,Solar,Facilities,1.0
Valleyview Village,M100000US3979282,2021,Solar,Facilities,1.0
Valleyview Village,M100000US3979282,2024,Solar,Facilities,2.0
Waldo Village,M100000US3980500,2012,Solar,Facilities,1.0
Washington Court House City,M100000US3981718,2009,Solar,Facilities,7.0
Washington Court House City,M100000US3981718,2011,Solar,Facilities,2.0
Washington Court House City,M100000US3981718,2012,Solar,Facilities,1.0
Washington Court House City,M100000US3981718,2015,Solar,Facilities,3.0
Washington Court House City,M100000US3981718,2018,Solar,Facilities,2.0
Washington Court House City,M100000US3981718,2019,Solar,Facilities,4.0
Washington Court House City,M100000US3981718,2020,Solar,Facilities,1.0
Washington Court House City,M100000US3981718,2021,Solar,Facilities,3.0
Washington Court House City,M100000US3981718,2022,Solar,Facilities,4.0
Washington Court House City,M100000US3981718,2023,Solar,Facilities,5.0
Washington Court House City,M100000US3981718,2024,Solar,Facilities,8.0
West Jefferson Village,M100000US3983580,2012,Solar,Facilities,1.0
West Jefferson Village,M100000US3983580,2013,Solar,Facilities,1.0
West Jefferson Village,M100000US3983580,2015,Solar,Facilities,1.0
West Jefferson Village,M100000US3983580,2020,Solar,Facilities,2.0
West Jefferson Village,M100000US3983580,2021,Solar,Facilities,1.0
West Jefferson Village,M100000US3983580,2022,Solar,Facilities,2.0
West Jefferson Village,M100000US3983580,2023,Solar,Facilities,3.0
West Jefferson Village,M100000US3983580,2024,Solar,Facilities,6.0
West Liberty Village,M100000US3983734,2019,Solar,Facilities,1.0
West Liberty Village,M100000US3983734,2021,Solar,Facilities,1.0
West Liberty Village,M100000US3983734,2023,Solar,Facilities,1.0
West Mansfield Village,M100000US3983818,2019,Solar,Facilities,1.0
West Mansfield Village,M100000US3983818,2021,Solar,Facilities,1.0
West Mansfield Village,M100000US3983818,2023,Solar,Facilities,2.0
Whitehall City,M100000US3984742,2011,Solar,Facilities,1.0
Whitehall City,M100000US3984742,2014,Solar,Facilities,1.0
Whitehall City,M100000US3984742,2016,Solar,Facilities,1.0
Whitehall City,M100000US3984742,2018,Solar,Facilities,3.0
Whitehall City,M100000US3984742,2020,Solar,Facilities,4.0
Whitehall City,M100000US3984742,2021,Solar,Facilities,8.0
Whitehall City,M100000US3984742,2022,Solar,Facilities,14.0
Whitehall City,M100000US3984742,2023,Energy Storage,Facilities,1.0
Whitehall City,M100000US3984742,2023,Solar,Facilities,15.0
Whitehall City,M100000US3984742,2024,Solar,Facilities,27.0
Worthington City,M100000US3986604,2010,Solar,Facilities,5.0
Worthington City,M100000US3986604,2012,Solar,Facilities,1.0
Worthington City,M100000US3986604,2013,Solar,Facilities,1.0
Worthington City,M100000US3986604,2014,Solar,Facilities,2.0
Worthington City,M100000US3986604,2015,Solar,Facilities,2.0
Worthington City,M100000US3986604,2016,Solar,Facilities,6.0
Worthington City,M100000US3986604,2017,Solar,Facilities,12.0
Worthington City,M100000US3986604,2018,Solar,Facilities,5.0
Worthington City,M100000US3986604,2019,Solar,Facilities,8.0
Worthington City,M100000US3986604,2020,Solar,Facilities,7.0
Worthington City,M100000US3986604,2021,Solar,Facilities,16.0
Worthington City,M100000US3986604,2022,Solar,Facilities,12.0
Worthington City,M100000US3986604,2023,Energy Storage,Facilities,1.0
Worthington City,M100000US3986604,2023,Solar,Facilities,15.0
Worthington City,M100000US3986604,2024,Solar,Facilities,7.0
Delaware,0500000US39041,2004,Wind,Facilities,1.0
Delaware,0500000US39041,2006,Solar,Facilities,2.0
Delaware,0500000US39041,2009,Solar,Facilities,2.0
Delaware,0500000US39041,2009,Wind,Facilities,1.0
Delaware,0500000US39041,2010,Solar,Facilities,1.0
Delaware,0500000US39041,2010,Wind,Facilities,1.0
Delaware,0500000US39041,2012,Solar,Facilities,3.0
Delaware,0500000US39041,2013,Energy Storage,Facilities,1.0
Delaware,0500000US39041,2013,Solar,Facilities,10.0
Delaware,0500000US39041,2014,Solar,Facilities,10.0
Delaware,0500000US39041,2015,Solar,Facilities,13.0
Delaware,0500000US39041,2016,Solar,Facilities,18.0
Delaware,0500000US39041,2017,Solar,Facilities,28.0
Delaware,0500000US39041,2018,Solar,Facilities,29.0
Delaware,0500000US39041,2019,Solar,Facilities,61.0
Delaware,0500000US39041,2020,Energy Storage,Facilities,2.0
Delaware,0500000US39041,2020,Solar,Facilities,74.0
Delaware,0500000US39041,2021,Energy Storage,Facilities,2.0
Delaware,0500000US39041,2021,Solar,Facilities,117.0
Delaware,0500000US39041,2022,Energy Storage,Facilities,4.0
Delaware,0500000US39041,2022,Solar,Facilities,146.0
Delaware,0500000US39041,2023,Energy Storage,Facilities,10.0
Delaware,0500000US39041,2023,Solar,Facilities,251.0
Delaware,0500000US39041,2024,Energy Storage,Facilities,6.0
Delaware,0500000US39041,2024,Solar,Facilities,181.0
Fairfield,0500000US39045,2010,Solar,Facilities,3.0
Fairfield,0500000US39045,2011,Solar,Facilities,2.0
Fairfield,0500000US39045,2012,Solar,Facilities,2.0
Fairfield,0500000US39045,2012,Wind,Facilities,1.0
Fairfield,0500000US39045,2013,Solar,Facilities,4.0
Fairfield,0500000US39045,2015,Solar,Facilities,2.0
Fairfield,0500000US39045,2016,Solar,Facilities,3.0
Fairfield,0500000US39045,2017,Solar,Facilities,2.0
Fairfield,0500000US39045,2018,Solar,Facilities,6.0
Fairfield,0500000US39045,2019,Solar,Facilities,20.0
Fairfield,0500000US39045,2020,Solar,Facilities,21.0
Fairfield,0500000US39045,2021,Solar,Facilities,32.0
Fairfield,0500000US39045,2022,Energy Storage,Facilities,1.0
Fairfield,0500000US39045,2022,Solar,Facilities,50.0
Fairfield,0500000US39045,2023,Energy Storage,Facilities,2.0
Fairfield,0500000US39045,2023,Solar,Facilities,53.0
Fairfield,0500000US39045,2024,Energy Storage,Facilities,1.0
Fairfield,0500000US39045,2024,Solar,Facilities,67.0
Fayette,0500000US39047,2009,Solar,Facilities,7.0
Fayette,0500000US39047,2010,Solar,Facilities,1.0
Fayette,0500000US39047,2011,Solar,Facilities,3.0
Fayette,0500000US39047,2012,Solar,Facilities,3.0
Fayette,0500000US39047,2014,Solar,Facilities,2.0
Fayette,0500000US39047,2015,Solar,Facilities,4.0
Fayette,0500000US39047,2016,Solar,Facilities,1.0
Fayette,0500000US39047,2018,Solar,Facilities,2.0
Fayette,0500000US39047,2019,Solar,Facilities,10.0
Fayette,0500000US39047,2020,Solar,Facilities,7.0
Fayette,0500000US39047,2021,Solar,Facilities,11.0
Fayette,0500000US39047,2022,Solar,Facilities,15.0
Fayette,0500000US39047,2023,Solar,Facilities,9.0
Fayette,0500000US39047,2024,Solar,Facilities,13.0
Franklin,0500000US39049,2000,Wind,Facilities,1.0
Franklin,0500000US39049,2001,Wind,Facilities,1.0
Franklin,0500000US39049,2006,Solar,Facilities,2.0
Franklin,0500000US39049,2007,Solar,Facilities,2.0
Franklin,0500000US39049,2008,Solar,Facilities,1.0
Franklin,0500000US39049,2009,Solar,Facilities,5.0
Franklin,0500000US39049,2010,Solar,Facilities,21.0
Franklin,0500000US39049,2010,Wind,Facilities,1.0
Franklin,0500000US39049,2011,Solar,Facilities,33.0
Franklin,0500000US39049,2012,Solar,Facilities,22.0
Franklin,0500000US39049,2013,Solar,Facilities,40.0
Franklin,0500000US39049,2013,Wind,Facilities,1.0
Franklin,0500000US39049,2014,Solar,Facilities,22.0
Franklin,0500000US39049,2015,Natural Gas/Propane,Facilities,1.0
Franklin,0500000US39049,2015,Solar,Facilities,52.0
Franklin,0500000US39049,2016,Solar,Facilities,63.0
Franklin,0500000US39049,2017,Energy Storage,Facilities,1.0
Franklin,0500000US39049,2017,Solar,Facilities,100.0
Franklin,0500000US39049,2018,Solar,Facilities,114.0
Franklin,0500000US39049,2019,Energy Storage,Facilities,1.0
Franklin,0500000US39049,2019,Solar,Facilities,267.0
Franklin,0500000US39049,2020,Energy Storage,Facilities,3.0
Franklin,0500000US39049,2020,Solar,Facilities,407.0
Franklin,0500000US39049,2021,Energy Storage,Facilities,7.0
Franklin,0500000US39049,2021,Solar,Facilities,708.0
Franklin,0500000US39049,2022,Energy Storage,Facilities,15.0
Franklin,0500000US39049,2022,Solar,Facilities,912.0
Franklin,0500000US39049,2023,Energy Storage,Facilities,53.0
Franklin,0500000US39049,2023,Natural Gas/Propane,Facilities,1.0
Franklin,0500000US39049,2023,Solar,Facilities,1310.0
Franklin,0500000US39049,2024,Energy Storage,Facilities,20.0
Franklin,0500000US39049,2024,Solar,Facilities,1505.0
Hocking,0500000US39073,2005,Solar,Facilities,1.0
Hocking,0500000US39073,2005,Wind,Facilities,2.0
Hocking,0500000US39073,2010,Solar,Facilities,2.0
Hocking,0500000US39073,2010,Wind,Facilities,1.0
Hocking,0500000US39073,2011,Solar,Facilities,3.0
Hocking,0500000US39073,2012,Solar,Facilities,1.0
Hocking,0500000US39073,2013,Solar,Facilities,2.0
Hocking,0500000US39073,2014,Solar,Facilities,2.0
Hocking,0500000US39073,2015,Solar,Facilities,1.0
Hocking,0500000US39073,2016,Solar,Facilities,1.0
Hocking,0500000US39073,2017,Solar,Facilities,1.0
Hocking,0500000US39073,2018,Solar,Facilities,7.0
Hocking,0500000US39073,2019,Solar,Facilities,17.0
Hocking,0500000US39073,2020,Solar,Facilities,7.0
Hocking,0500000US39073,2021,Solar,Facilities,10.0
Hocking,0500000US39073,2022,Solar,Facilities,4.0
Hocking,0500000US39073,2023,Energy Storage,Facilities,1.0
Hocking,0500000US39073,2023,Solar,Facilities,7.0
Hocking,0500000US39073,2024,Solar,Facilities,9.0
Knox,0500000US39083,2007,Solar,Facilities,1.0
Knox,0500000US39083,2011,Solar,Facilities,1.0
Knox,0500000US39083,2012,Solar,Facilities,2.0
Knox,0500000US39083,2013,Solar,Facilities,2.0
Knox,0500000US39083,2014,Solar,Facilities,6.0
Knox,0500000US39083,2015,Solar,Facilities,5.0
Knox,0500000US39083,2016,Solar,Facilities,5.0
Knox,0500000US39083,2017,Solar,Facilities,8.0
Knox,0500000US39083,2018,Solar,Facilities,17.0
Knox,0500000US39083,2019,Solar,Facilities,19.0
Knox,0500000US39083,2020,Solar,Facilities,30.0
Knox,0500000US39083,2021,Solar,Facilities,17.0
Knox,0500000US39083,2022,Energy Storage,Facilities,1.0
Knox,0500000US39083,2022,Solar,Facilities,28.0
Knox,0500000US39083,2023,Energy Storage,Facilities,2.0
Knox,0500000US39083,2023,Solar,Facilities,43.0
Knox,0500000US39083,2024,Energy Storage,Facilities,1.0
Knox,0500000US39083,2024,Solar,Facilities,35.0
Licking,0500000US39089,2006,Solar,Facilities,1.0
Licking,0500000US39089,2008,Solar,Facilities,1.0
Licking,0500000US39089,2009,Solar,Facilities,1.0
Licking,0500000US39089,2010,Solar,Facilities,2.0
Licking,0500000US39089,2010,Wind,Facilities,1.0
Licking,0500000US39089,2011,Solar,Facilities,2.0
Licking,0500000US39089,2012,Solar,Facilities,6.0
Licking,0500000US39089,2013,Solar,Facilities,6.0
Licking,0500000US39089,2014,Solar,Facilities,10.0
Licking,0500000US39089,2015,Solar,Facilities,9.0
Licking,0500000US39089,2016,Solar,Facilities,6.0
Licking,0500000US39089,2017,Solar,Facilities,17.0
Licking,0500000US39089,2018,Solar,Facilities,32.0
Licking,0500000US39089,2019,Solar,Facilities,70.0
Licking,0500000US39089,2020,Energy Storage,Facilities,1.0
Licking,0500000US39089,2020,Solar,Facilities,54.0
Licking,0500000US39089,2021,Solar,Facilities,92.0
Licking,0500000US39089,2022,Solar,Facilities,111.0
Licking,0500000US39089,2023,Energy Storage,Facilities,5.0
Licking,0500000US39089,2023,Natural Gas/Propane,Facilities,1.0
Licking,0500000US39089,2023,Solar,Facilities,158.0
Licking,0500000US39089,2024,Energy Storage,Facilities,3.0
Licking,0500000US39089,2024,Solar,Facilities,160.0
Logan,0500000US39091,2010,Wind,Facilities,2.0
Logan,0500000US39091,2011,Solar,Facilities,1.0
Logan,0500000US39091,2012,Solar,Facilities,1.0
Logan,0500000US39091,2013,Solar,Facilities,1.0
Logan,0500000US39091,2015,Solar,Facilities,1.0
Logan,0500000US39091,2017,Solar,Facilities,1.0
Logan,0500000US39091,2018,Solar,Facilities,1.0
Logan,0500000US39091,2019,Solar,Facilities,9.0
Logan,0500000US39091,2020,Solar,Facilities,10.0
Logan,0500000US39091,2021,Solar,Facilities,9.0
Logan,0500000US39091,2022,Solar,Facilities,10.0
Logan,0500000US39091,2023,Solar,Facilities,18.0
Logan,0500000US39091,2024,Solar,Facilities,11.0
Madison,0500000US39097,2008,Solar,Facilities,1.0
Madison,0500000US39097,2008,Wind,Facilities,1.0
Madison,0500000US39097,2010,Solar,Facilities,2.0
Madison,0500000US39097,2010,Wind,Facilities,3.0
Madison,0500000US39097,2011,Solar,Facilities,7.0
Madison,0500000US39097,2012,Solar,Facilities,7.0
Madison,0500000US39097,2013,Solar,Facilities,6.0
Madison,0500000US39097,2014,Solar,Facilities,2.0
Madison,0500000US39097,2015,Solar,Facilities,2.0
Madison,0500000US39097,2016,Solar,Facilities,10.0
Madison,0500000US39097,2017,Solar,Facilities,5.0
Madison,0500000US39097,2018,Solar,Facilities,5.0
Madison,0500000US39097,2019,Solar,Facilities,18.0
Madison,0500000US39097,2020,Solar,Facilities,19.0
Madison,0500000US39097,2021,Solar,Facilities,17.0
Madison,0500000US39097,2022,Energy Storage,Facilities,3.0
Madison,0500000US39097,2022,Solar,Facilities,27.0
Madison,0500000US39097,2023,Energy Storage,Facilities,2.0
Madison,0500000US39097,2023,Solar,Facilities,36.0
Madison,0500000US39097,2024,Solar,Facilities,48.0
Marion,0500000US39101,2009,Wind,Facilities,1.0
Marion,0500000US39101,2011,Solar,Facilities,2.0
Marion,0500000US39101,2011,Wind,Facilities,1.0
Marion,0500000US39101,2012,Solar,Facilities,1.0
Marion,0500000US39101,2013,Solar,Facilities,1.0
Marion,0500000US39101,2014,Solar,Facilities,2.0
Marion,0500000US39101,2015,Solar,Facilities,3.0
Marion,0500000US39101,2016,Solar,Facilities,4.0
Marion,0500000US39101,2017,Solar,Facilities,4.0
Marion,0500000US39101,2017,Waste Gas,Facilities,1.0
Marion,0500000US39101,2018,Solar,Facilities,6.0
Marion,0500000US39101,2018,Wind,Facilities,1.0
Marion,0500000US39101,2019,Solar,Facilities,15.0
Marion,0500000US39101,2020,Solar,Facilities,10.0
Marion,0500000US39101,2021,Solar,Facilities,13.0
Marion,0500000US39101,2022,Energy Storage,Facilities,2.0
Marion,0500000US39101,2022,Solar,Facilities,27.0
Marion,0500000US39101,2023,Solar,Facilities,19.0
Marion,0500000US39101,2024,Solar,Facilities,19.0
Morrow,0500000US39117,2009,Wind,Facilities,2.0
Morrow,0500000US39117,2014,Solar,Facilities,2.0
Morrow,0500000US39117,2015,Solar,Facilities,3.0
Morrow,0500000US39117,2016,Solar,Facilities,3.0
Morrow,0500000US39117,2017,Solar,Facilities,2.0
Morrow,0500000US39117,2018,Solar,Facilities,6.0
Morrow,0500000US39117,2019,Solar,Facilities,13.0
Morrow,0500000US39117,2020,Solar,Facilities,10.0
Morrow,0500000US39117,2021,Solar,Facilities,8.0
Morrow,0500000US39117,2022,Energy Storage,Facilities,1.0
Morrow,0500000US39117,2022,Solar,Facilities,11.0
Morrow,0500000US39117,2023,Energy Storage,Facilities,3.0
Morrow,0500000US39117,2023,Solar,Facilities,9.0
Morrow,0500000US39117,2024,Solar,Facilities,9.0
Perry,0500000US39127,2013,Solar,Facilities,1.0
Perry,0500000US39127,2014,Solar,Facilities,1.0
Perry,0500000US39127,2015,Solar,Facilities,4.0
Perry,0500000US39127,2016,Solar,Facilities,2.0
Perry,0500000US39127,2018,Solar,Facilities,5.0
Perry,0500000US39127,2019,Solar,Facilities,9.0
Perry,0500000US39127,2020,Solar,Facilities,8.0
Perry,0500000US39127,2021,Solar,Facilities,16.0
Perry,0500000US39127,2022,Solar,Facilities,19.0
Perry,0500000US39127,2023,Solar,Facilities,4.0
Perry,0500000US39127,2024,Energy Storage,Facilities,1.0
Perry,0500000US39127,2024,Solar,Facilities,8.0
Pickaway,0500000US39129,2012,Solar,Facilities,1.0
Pickaway,0500000US39129,2013,Solar,Facilities,2.0
Pickaway,0500000US39129,2016,Solar,Facilities,1.0
Pickaway,0500000US39129,2017,Solar,Facilities,1.0
Pickaway,0500000US39129,2018,Natural Gas/Propane,Facilities,1.0
Pickaway,0500000US39129,2018,Solar,Facilities,2.0
Pickaway,0500000US39129,2019,Solar,Facilities,6.0
Pickaway,0500000US39129,2020,Solar,Facilities,5.0
Pickaway,0500000US39129,2021,Energy Storage,Facilities,2.0
Pickaway,0500000US39129,2021,Solar,Facilities,8.0
Pickaway,0500000US39129,2022,Solar,Facilities,9.0
Pickaway,0500000US39129,2023,Energy Storage,Facilities,1.0
Pickaway,0500000US39129,2023,Solar,Facilities,20.0
Pickaway,0500000US39129,2024,Solar,Facilities,10.0
Ross,0500000US39141,2007,Solar,Facilities,1.0
Ross,0500000US39141,2011,Solar,Facilities,1.0
Ross,0500000US39141,2013,Biofuel,Facilities,1.0
Ross,0500000US39141,2013,Solar,Facilities,1.0
Ross,0500000US39141,2015,Solar,Facilities,6.0
Ross,0500000US39141,2018,Solar,Facilities,5.0
Ross,0500000US39141,2019,Solar,Facilities,11.0
Ross,0500000US39141,2020,Solar,Facilities,12.0
Ross,0500000US39141,2021,Solar,Facilities,19.0
Ross,0500000US39141,2022,Energy Storage,Facilities,2.0
Ross,0500000US39141,2022,Solar,Facilities,22.0
Ross,0500000US39141,2023,Solar,Facilities,18.0
Ross,0500000US39141,2024,Solar,Facilities,22.0
Union,0500000US39159,2011,Solar,Facilities,2.0
Union,0500000US39159,2015,Solar,Facilities,1.0
Union,0500000US39159,2016,Solar,Facilities,1.0
Union,0500000US39159,2017,Solar,Facilities,2.0
Union,0500000US39159,2018,Solar,Facilities,4.0
Union,0500000US39159,2019,Solar,Facilities,8.0
Union,0500000US39159,2020,Solar,Facilities,9.0
Union,0500000US39159,2021,Solar,Facilities,13.0
Union,0500000US39159,2022,Energy Storage,Facilities,2.0
Union,0500000US39159,2022,Solar,Facilities,28.0
Union,0500000US39159,2023,Solar,Facilities,38.0
Union,0500000US39159,2024,Solar,Facilities,30.0
15-County Region,M010000US001,2000,Wind,Facilities,1.0
15-County Region,M010000US001,2001,Wind,Facilities,1.0
15-County Region,M010000US001,2004,Wind,Facilities,1.0
15-County Region,M010000US001,2005,Solar,Facilities,1.0
15-County Region,M010000US001,2005,Wind,Facilities,2.0
15-County Region,M010000US001,2006,Solar,Facilities,5.0
15-County Region,M010000US001,2007,Solar,Facilities,4.0
15-County Region,M010000US001,2008,Solar,Facilities,3.0
15-County Region,M010000US001,2008,Wind,Facilities,1.0
15-County Region,M010000US001,2009,Solar,Facilities,15.0
15-County Region,M010000US001,2009,Wind,Facilities,4.0
15-County Region,M010000US001,2010,Solar,Facilities,32.0
15-County Region,M010000US001,2010,Wind,Facilities,9.0
15-County Region,M010000US001,2011,Solar,Facilities,57.0
15-County Region,M010000US001,2011,Wind,Facilities,1.0
15-County Region,M010000US001,2012,Solar,Facilities,49.0
15-County Region,M010000US001,2012,Wind,Facilities,1.0
15-County Region,M010000US001,2013,Biofuel,Facilities,1.0
15-County Region,M010000US001,2013,Energy Storage,Facilities,1.0
15-County Region,M010000US001,2013,Solar,Facilities,76.0
15-County Region,M010000US001,2013,Wind,Facilities,1.0
15-County Region,M010000US001,2014,Solar,Facilities,59.0
15-County Region,M010000US001,2015,Natural Gas/Propane,Facilities,1.0
15-County Region,M010000US001,2015,Solar,Facilities,106.0
15-County Region,M010000US001,2016,Solar,Facilities,118.0
15-County Region,M010000US001,2017,Energy Storage,Facilities,1.0
15-County Region,M010000US001,2017,Solar,Facilities,171.0
15-County Region,M010000US001,2017,Waste Gas,Facilities,1.0
15-County Region,M010000US001,2018,Natural Gas/Propane,Facilities,1.0
15-County Region,M010000US001,2018,Solar,Facilities,241.0
15-County Region,M010000US001,2018,Wind,Facilities,1.0
15-County Region,M010000US001,2019,Energy Storage,Facilities,1.0
15-County Region,M010000US001,2019,Solar,Facilities,553.0
15-County Region,M010000US001,2020,Energy Storage,Facilities,6.0
15-County Region,M010000US001,2020,Solar,Facilities,683.0
15-County Region,M010000US001,2021,Energy Storage,Facilities,11.0
15-County Region,M010000US001,2021,Solar,Facilities,1090.0
15-County Region,M010000US001,2022,Energy Storage,Facilities,31.0
15-County Region,M010000US001,2022,Solar,Facilities,1419.0
15-County Region,M010000US001,2023,Energy Storage,Facilities,79.0
15-County Region,M010000US001,2023,Natural Gas/Propane,Facilities,2.0
15-County Region,M010000US001,2023,Solar,Facilities,1993.0
15-County Region,M010000US001,2024,Energy Storage,Facilities,32.0
15-County Region,M010000US001,2024,Solar,Facilities,2127.0
Ashley Village,M100000US3902582,2022,Solar,Capacity,6.96
Bainbridge Village,M100000US3903604,2021,Solar,Capacity,7.6
Bainbridge Village,M100000US3903604,2023,Solar,Capacity,12.76
Baltimore Village,M100000US3903758,2017,Solar,Capacity,40.0
Baltimore Village,M100000US3903758,2019,Solar,Capacity,10.4
Baltimore Village,M100000US3903758,2020,Solar,Capacity,17.1
Baltimore Village,M100000US3903758,2021,Solar,Capacity,14.3
Baltimore Village,M100000US3903758,2022,Solar,Capacity,19.14
Baltimore Village,M100000US3903758,2023,Solar,Capacity,22.04
Berkshire Township,M100000US390410577499999,2014,Solar,Capacity,5.0
Berkshire Township,M100000US390410577499999,2018,Solar,Capacity,11.0
Berkshire Township,M100000US390410577499999,2019,Solar,Capacity,39.199999999999996
Berkshire Township,M100000US390410577499999,2020,Solar,Capacity,29.5
Berkshire Township,M100000US390410577499999,2021,Solar,Capacity,20.880000000000003
Berkshire Township,M100000US390410577499999,2022,Solar,Capacity,37.93
Berkshire Township,M100000US390410577499999,2023,Solar,Capacity,64.38
Berkshire Township,M100000US390410577499999,2024,Energy Storage,Capacity,6.0
Berkshire Township,M100000US390410577499999,2024,Solar,Capacity,34.4
Berlin Township,M100000US390410578899999,2009,Solar,Capacity,14.850000000000001
Berlin Township,M100000US390410578899999,2013,Solar,Capacity,6.8
Berlin Township,M100000US390410578899999,2015,Solar,Capacity,29.7
Berlin Township,M100000US390410578899999,2016,Solar,Capacity,7.6
Berlin Township,M100000US390410578899999,2018,Solar,Capacity,3.0
Berlin Township,M100000US390410578899999,2019,Solar,Capacity,20.299999999999997
Berlin Township,M100000US390410578899999,2020,Solar,Capacity,52.5
Berlin Township,M100000US390410578899999,2021,Energy Storage,Capacity,10.0
Berlin Township,M100000US390410578899999,2021,Solar,Capacity,54.81
Berlin Township,M100000US390410578899999,2022,Solar,Capacity,105.41
Berlin Township,M100000US390410578899999,2023,Energy Storage,Capacity,10.0
Berlin Township,M100000US390410578899999,2023,Solar,Capacity,100.07
Berlin Township,M100000US390410578899999,2024,Solar,Capacity,107.344
Brown Township,M100000US390410942899999,2013,Solar,Capacity,9.0
Brown Township,M100000US390410942899999,2017,Solar,Capacity,11.4
Brown Township,M100000US390410942899999,2018,Solar,Capacity,11.0
Brown Township,M100000US390410942899999,2019,Solar,Capacity,7.6
Brown Township,M100000US390410942899999,2020,Solar,Capacity,10.0
Brown Township,M100000US390410942899999,2021,Solar,Capacity,10.3
Brown Township,M100000US390410942899999,2022,Solar,Capacity,9.99
Concord Township,M100000US390411814099999,2014,Solar,Capacity,13.3
Concord Township,M100000US390411814099999,2015,Solar,Capacity,11.4
Concord Township,M100000US390411814099999,2016,Solar,Capacity,3.0
Concord Township,M100000US390411814099999,2017,Solar,Capacity,7.6
Concord Township,M100000US390411814099999,2018,Solar,Capacity,24.5
Concord Township,M100000US390411814099999,2019,Solar,Capacity,33.8
Concord Township,M100000US390411814099999,2020,Solar,Capacity,17.700000000000003
Concord Township,M100000US390411814099999,2021,Solar,Capacity,113.41
Concord Township,M100000US390411814099999,2022,Solar,Capacity,137.24
Concord Township,M100000US390411814099999,2023,Solar,Capacity,134.075
Concord Township,M100000US390411814099999,2024,Energy Storage,Capacity,7.68
Concord Township,M100000US390411814099999,2024,Solar,Capacity,145.06
Delaware Township,M100000US390412144899999,2012,Solar,Capacity,7.0
Delaware Township,M100000US390412144899999,2013,Solar,Capacity,9.0
Delaware Township,M100000US390412144899999,2016,Solar,Capacity,5.0
Delaware Township,M100000US390412144899999,2017,Solar,Capacity,7.6
Delaware Township,M100000US390412144899999,2018,Solar,Capacity,47.8
Delaware Township,M100000US390412144899999,2019,Solar,Capacity,9.3
Delaware Township,M100000US390412144899999,2020,Solar,Capacity,11.3
Delaware Township,M100000US390412144899999,2021,Solar,Capacity,18.85
Delaware Township,M100000US390412144899999,2022,Solar,Capacity,15.66
Delaware Township,M100000US390412144899999,2023,Solar,Capacity,26.84
Delaware Township,M100000US390412144899999,2024,Solar,Capacity,12.95
Genoa Township,M100000US390412969499999,2013,Solar,Capacity,14.2
Genoa Township,M100000US390412969499999,2015,Solar,Capacity,10.0
Genoa Township,M100000US390412969499999,2016,Solar,Capacity,28.0
Genoa Township,M100000US390412969499999,2017,Solar,Capacity,10.0
Genoa Township,M100000US390412969499999,2018,Solar,Capacity,24.200000000000003
Genoa Township,M100000US390412969499999,2019,Solar,Capacity,114.7
Genoa Township,M100000US390412969499999,2020,Solar,Capacity,38.6
Genoa Township,M100000US390412969499999,2021,Solar,Capacity,71.50999999999999
Genoa Township,M100000US390412969499999,2022,Energy Storage,Capacity,5.12
Genoa Township,M100000US390412969499999,2022,Solar,Capacity,146.74
Genoa Township,M100000US390412969499999,2023,Solar,Capacity,115.008
Genoa Township,M100000US390412969499999,2024,Energy Storage,Capacity,30.0
Genoa Township,M100000US390412969499999,2024,Solar,Capacity,69.877
Harlem Township,M100000US390413351699999,2013,Solar,Capacity,17.595
Harlem Township,M100000US390413351699999,2014,Solar,Capacity,5.0
Harlem Township,M100000US390413351699999,2015,Solar,Capacity,10.0
Harlem Township,M100000US390413351699999,2017,Solar,Capacity,10.0
Harlem Township,M100000US390413351699999,2018,Solar,Capacity,22.799999999999997
Harlem Township,M100000US390413351699999,2019,Solar,Capacity,36.2
Harlem Township,M100000US390413351699999,2020,Solar,Capacity,17.4
Harlem Township,M100000US390413351699999,2021,Solar,Capacity,42.68
Harlem Township,M100000US390413351699999,2022,Energy Storage,Capacity,3.84
Harlem Township,M100000US390413351699999,2022,Solar,Capacity,34.09
Harlem Township,M100000US390413351699999,2023,Energy Storage,Capacity,10.0
Harlem Township,M100000US390413351699999,2023,Solar,Capacity,47.58
Harlem Township,M100000US390413351699999,2024,Solar,Capacity,30.44
Kingston Township,M100000US390414036299999,2021,Solar,Capacity,17.6
Liberty Township,M100000US390414310699999,2004,Wind,Capacity,1.0
Liberty Township,M100000US390414310699999,2010,Solar,Capacity,10.0
Liberty Township,M100000US390414310699999,2013,Solar,Capacity,5.2
Liberty Township,M100000US390414310699999,2014,Solar,Capacity,27.5
Liberty Township,M100000US390414310699999,2015,Solar,Capacity,15.0
Liberty Township,M100000US390414310699999,2016,Solar,Capacity,12.0
Liberty Township,M100000US390414310699999,2017,Solar,Capacity,65.69999999999999
Liberty Township,M100000US390414310699999,2018,Solar,Capacity,8.8
Liberty Township,M100000US390414310699999,2019,Solar,Capacity,40.4
Liberty Township,M100000US390414310699999,2020,Energy Storage,Capacity,565.0
Liberty Township,M100000US390414310699999,2020,Solar,Capacity,258.5
Liberty Township,M100000US390414310699999,2021,Solar,Capacity,81.265
Liberty Township,M100000US390414310699999,2022,Solar,Capacity,86.92
Liberty Township,M100000US390414310699999,2023,Solar,Capacity,164.206
Liberty Township,M100000US390414310699999,2024,Solar,Capacity,132.82999999999998
Marlboro Township,M100000US390414790899999,2019,Solar,Capacity,6.0
Orange Township,M100000US390415861899999,2012,Solar,Capacity,7.7
Orange Township,M100000US390415861899999,2013,Solar,Capacity,4.5
Orange Township,M100000US390415861899999,2015,Solar,Capacity,22.5
Orange Township,M100000US390415861899999,2016,Solar,Capacity,100.0
Orange Township,M100000US390415861899999,2017,Solar,Capacity,7.6
Orange Township,M100000US390415861899999,2018,Solar,Capacity,27.0
Orange Township,M100000US390415861899999,2019,Solar,Capacity,59.91
Orange Township,M100000US390415861899999,2020,Solar,Capacity,84.0
Orange Township,M100000US390415861899999,2021,Solar,Capacity,183.858
Orange Township,M100000US390415861899999,2022,Energy Storage,Capacity,12.56
Orange Township,M100000US390415861899999,2022,Solar,Capacity,226.41
Orange Township,M100000US390415861899999,2023,Solar,Capacity,253.04
Orange Township,M100000US390415861899999,2024,Solar,Capacity,107.196
Oxford Township,M100000US390415926299999,2021,Solar,Capacity,15.2
Oxford Township,M100000US390415926299999,2022,Solar,Capacity,10.44
Porter Township,M100000US390416417899999,2019,Solar,Capacity,17.4
Porter Township,M100000US390416417899999,2020,Solar,Capacity,6.0
Radnor Township,M100000US390416531299999,2017,Solar,Capacity,3.8
Radnor Township,M100000US390416531299999,2018,Solar,Capacity,17.5
Radnor Township,M100000US390416531299999,2019,Solar,Capacity,7.2
Radnor Township,M100000US390416531299999,2021,Solar,Capacity,13.32
Radnor Township,M100000US390416531299999,2022,Solar,Capacity,40.2
Radnor Township,M100000US390416531299999,2023,Energy Storage,Capacity,10.0
Radnor Township,M100000US390416531299999,2023,Solar,Capacity,8.73
Scioto Township,M100000US390417084299999,2009,Wind,Capacity,10.0
Scioto Township,M100000US390417084299999,2016,Solar,Capacity,6.0
Scioto Township,M100000US390417084299999,2017,Solar,Capacity,20.0
Scioto Township,M100000US390417084299999,2019,Solar,Capacity,3.8
Scioto Township,M100000US390417084299999,2022,Solar,Capacity,15.356
Scioto Township,M100000US390417084299999,2023,Solar,Capacity,11.4
Scioto Township,M100000US390417084299999,2024,Solar,Capacity,14.0
Trenton Township,M100000US390417733699999,2013,Energy Storage,Capacity,4000.0
Trenton Township,M100000US390417733699999,2015,Solar,Capacity,5.5
Trenton Township,M100000US390417733699999,2016,Solar,Capacity,15.2
Trenton Township,M100000US390417733699999,2020,Solar,Capacity,80.3
Trenton Township,M100000US390417733699999,2021,Energy Storage,Capacity,7.68
Trenton Township,M100000US390417733699999,2021,Solar,Capacity,42.27
Trenton Township,M100000US390417733699999,2022,Solar,Capacity,19.82
Trenton Township,M100000US390417733699999,2023,Solar,Capacity,25.32
Trenton Township,M100000US390417733699999,2024,Solar,Capacity,19.591
Troy Township,M100000US390417756099999,2014,Solar,Capacity,6.0
Troy Township,M100000US390417756099999,2015,Solar,Capacity,10.0
Troy Township,M100000US390417756099999,2016,Solar,Capacity,24.8
Troy Township,M100000US390417756099999,2018,Solar,Capacity,15.2
Troy Township,M100000US390417756099999,2019,Solar,Capacity,58.7
Troy Township,M100000US390417756099999,2020,Solar,Capacity,12.2
Troy Township,M100000US390417756099999,2021,Solar,Capacity,7.6
Troy Township,M100000US390417756099999,2022,Solar,Capacity,11.6
Troy Township,M100000US390417756099999,2023,Solar,Capacity,26.13
Berne Township,M100000US390450595699999,2010,Solar,Capacity,5.4
Berne Township,M100000US390450595699999,2011,Solar,Capacity,8.7
Berne Township,M100000US390450595699999,2013,Solar,Capacity,15.4
Berne Township,M100000US390450595699999,2016,Solar,Capacity,6.0
Berne Township,M100000US390450595699999,2019,Solar,Capacity,39.199999999999996
Berne Township,M100000US390450595699999,2020,Solar,Capacity,31.5
Berne Township,M100000US390450595699999,2021,Solar,Capacity,7.6
Berne Township,M100000US390450595699999,2022,Solar,Capacity,4.64
Berne Township,M100000US390450595699999,2023,Solar,Capacity,16.240000000000002
Berne Township,M100000US390450595699999,2024,Solar,Capacity,9.89
Greenfield Township,M100000US390453206099999,2021,Solar,Capacity,17.52
Hocking Township,M100000US390453581299999,2019,Solar,Capacity,6.0
Hocking Township,M100000US390453581299999,2020,Solar,Capacity,11.4
Hocking Township,M100000US390453581299999,2021,Solar,Capacity,19.98
Hocking Township,M100000US390453581299999,2023,Solar,Capacity,19.0
Liberty Township,M100000US390454312099999,2012,Solar,Capacity,12.0
Liberty Township,M100000US390454312099999,2016,Solar,Capacity,10.0
Liberty Township,M100000US390454312099999,2019,Solar,Capacity,6.0
Liberty Township,M100000US390454312099999,2021,Solar,Capacity,11.4
Liberty Township,M100000US390454312099999,2022,Solar,Capacity,31.21
Liberty Township,M100000US390454312099999,2024,Solar,Capacity,22.744999999999997
Madison Township,M100000US390454638299999,2019,Solar,Capacity,6.0
Pleasant Township,M100000US390456324099999,2019,Solar,Capacity,16.4
Pleasant Township,M100000US390456324099999,2020,Solar,Capacity,6.0
Pleasant Township,M100000US390456324099999,2021,Solar,Capacity,17.6
Pleasant Township,M100000US390456324099999,2022,Solar,Capacity,41.480000000000004
Pleasant Township,M100000US390456324099999,2023,Solar,Capacity,9.28
Pleasant Township,M100000US390456324099999,2024,Solar,Capacity,28.47
Richland Township,M100000US390456668499999,2019,Solar,Capacity,9.8
Richland Township,M100000US390456668499999,2021,Solar,Capacity,4.2
Richland Township,M100000US390456668499999,2023,Solar,Capacity,8.12
Richland Township,M100000US390456668499999,2024,Solar,Capacity,18.41
Rush Creek Township,M100000US390456912099999,2015,Solar,Capacity,4.7
Rush Creek Township,M100000US390456912099999,2018,Solar,Capacity,11.2
Violet Township,M100000US390458020699999,2018,Solar,Capacity,3.8
Violet Township,M100000US390458020699999,2019,Solar,Capacity,6.6
Violet Township,M100000US390458020699999,2021,Solar,Capacity,6.6
Violet Township,M100000US390458020699999,2022,Solar,Capacity,11.31
Violet Township,M100000US390458020699999,2024,Solar,Capacity,39.11
Walnut Township,M100000US390458057099999,2010,Solar,Capacity,3.0
Walnut Township,M100000US390458057099999,2012,Solar,Capacity,9.0
Walnut Township,M100000US390458057099999,2012,Wind,Capacity,1.5
Walnut Township,M100000US390458057099999,2013,Solar,Capacity,4.5
Walnut Township,M100000US390458057099999,2015,Solar,Capacity,13.6
Walnut Township,M100000US390458057099999,2018,Solar,Capacity,7.6
Walnut Township,M100000US390458057099999,2019,Solar,Capacity,24.380000000000003
Walnut Township,M100000US390458057099999,2021,Solar,Capacity,35.73
Walnut Township,M100000US390458057099999,2022,Solar,Capacity,27.689999999999998
Walnut Township,M100000US390458057099999,2023,Solar,Capacity,25.63
Concord Township,M100000US390471815499999,2019,Solar,Capacity,7.2
Concord Township,M100000US390471815499999,2020,Solar,Capacity,14.879999999999999
Concord Township,M100000US390471815499999,2021,Solar,Capacity,19.2
Concord Township,M100000US390471815499999,2022,Solar,Capacity,6.84
Green Township,M100000US390473172499999,2022,Solar,Capacity,3.77
Jefferson Township,M100000US390473859899999,2016,Solar,Capacity,6.0
Jefferson Township,M100000US390473859899999,2021,Solar,Capacity,12.16
Jefferson Township,M100000US390473859899999,2022,Solar,Capacity,17.68
Jefferson Township,M100000US390473859899999,2024,Solar,Capacity,23.927999999999997
Madison Township,M100000US390474639699999,2010,Solar,Capacity,7.0
Madison Township,M100000US390474639699999,2014,Solar,Capacity,6.0
Madison Township,M100000US390474639699999,2015,Solar,Capacity,5.0
Madison Township,M100000US390474639699999,2020,Solar,Capacity,11.399999999999999
Madison Township,M100000US390474639699999,2021,Solar,Capacity,3.0
Madison Township,M100000US390474639699999,2022,Solar,Capacity,5.8
Madison Township,M100000US390474639699999,2023,Solar,Capacity,7.6
Marion Township,M100000US390474768499999,2012,Solar,Capacity,4.1
Marion Township,M100000US390474768499999,2014,Solar,Capacity,9.54
Marion Township,M100000US390474768499999,2019,Solar,Capacity,8.6
Paint Township,M100000US390475948699999,2021,Solar,Capacity,13.53
Paint Township,M100000US390475948699999,2022,Solar,Capacity,5.0
Paint Township,M100000US390475948699999,2023,Solar,Capacity,10.0
Union Township,M100000US390477831699999,2011,Solar,Capacity,42.0
Union Township,M100000US390477831699999,2012,Solar,Capacity,5.59
Union Township,M100000US390477831699999,2019,Solar,Capacity,3.3
Union Township,M100000US390477831699999,2020,Solar,Capacity,14.32
Union Township,M100000US390477831699999,2021,Solar,Capacity,13.68
Union Township,M100000US390477831699999,2022,Solar,Capacity,29.0
Wayne Township,M100000US390478216699999,2019,Solar,Capacity,8.3
Wayne Township,M100000US390478216699999,2022,Solar,Capacity,17.11
Wayne Township,M100000US390478216699999,2023,Solar,Capacity,7.0
Wayne Township,M100000US390478216699999,2024,Solar,Capacity,12.8
Blendon Township,M100000US390490692299999,2014,Solar,Capacity,9.75
Blendon Township,M100000US390490692299999,2017,Solar,Capacity,7.6
Blendon Township,M100000US390490692299999,2019,Solar,Capacity,14.5
Blendon Township,M100000US390490692299999,2020,Solar,Capacity,19.6
Blendon Township,M100000US390490692299999,2021,Solar,Capacity,11.399999999999999
Blendon Township,M100000US390490692299999,2022,Solar,Capacity,49.199999999999996
Blendon Township,M100000US390490692299999,2023,Solar,Capacity,25.66
Blendon Township,M100000US390490692299999,2024,Solar,Capacity,114.0
Brown Township,M100000US390490944299999,2012,Solar,Capacity,10.8
Brown Township,M100000US390490944299999,2013,Solar,Capacity,7.5
Brown Township,M100000US390490944299999,2013,Wind,Capacity,30.0
Brown Township,M100000US390490944299999,2015,Solar,Capacity,11.7
Brown Township,M100000US390490944299999,2016,Solar,Capacity,16.0
Brown Township,M100000US390490944299999,2017,Solar,Capacity,5.0
Brown Township,M100000US390490944299999,2019,Solar,Capacity,6.2
Brown Township,M100000US390490944299999,2020,Solar,Capacity,36.04
Brown Township,M100000US390490944299999,2021,Solar,Capacity,84.87
Brown Township,M100000US390490944299999,2022,Energy Storage,Capacity,3.84
Brown Township,M100000US390490944299999,2022,Solar,Capacity,34.99
Brown Township,M100000US390490944299999,2023,Solar,Capacity,32.64
Brown Township,M100000US390490944299999,2024,Solar,Capacity,66.15
Clinton Township,M100000US390491611299999,2014,Solar,Capacity,6.0
Clinton Township,M100000US390491611299999,2018,Solar,Capacity,40.9
Clinton Township,M100000US390491611299999,2021,Solar,Capacity,19.139999999999997
Clinton Township,M100000US390491611299999,2022,Solar,Capacity,8.41
Clinton Township,M100000US390491611299999,2023,Solar,Capacity,32.64
Clinton Township,M100000US390491611299999,2024,Energy Storage,Capacity,19.2
Clinton Township,M100000US390491611299999,2024,Solar,Capacity,27.806
Franklin Township,M100000US390492828099999,2006,Solar,Capacity,2.4
Franklin Township,M100000US390492828099999,2013,Solar,Capacity,23.2
Franklin Township,M100000US390492828099999,2018,Solar,Capacity,14.8
Franklin Township,M100000US390492828099999,2019,Solar,Capacity,8.2
Franklin Township,M100000US390492828099999,2020,Solar,Capacity,18.3
Franklin Township,M100000US390492828099999,2021,Solar,Capacity,30.155
Franklin Township,M100000US390492828099999,2022,Energy Storage,Capacity,4.8
Franklin Township,M100000US390492828099999,2022,Solar,Capacity,41.73
Franklin Township,M100000US390492828099999,2023,Solar,Capacity,27.76
Franklin Township,M100000US390492828099999,2024,Solar,Capacity,40.53
Hamilton Township,M100000US390493302699999,2019,Solar,Capacity,3.0
Hamilton Township,M100000US390493302699999,2020,Solar,Capacity,5.0
Hamilton Township,M100000US390493302699999,2021,Solar,Capacity,20.1
Hamilton Township,M100000US390493302699999,2022,Solar,Capacity,24.4
Hamilton Township,M100000US390493302699999,2023,Solar,Capacity,22.14
Hamilton Township,M100000US390493302699999,2024,Solar,Capacity,33.44
Jackson Township,M100000US390493777299999,2016,Solar,Capacity,46.03
Jackson Township,M100000US390493777299999,2018,Solar,Capacity,7.3
Jackson Township,M100000US390493777299999,2019,Solar,Capacity,65.9
Jackson Township,M100000US390493777299999,2020,Solar,Capacity,20.2
Jackson Township,M100000US390493777299999,2021,Solar,Capacity,96.77
Jackson Township,M100000US390493777299999,2022,Solar,Capacity,36.949999999999996
Jackson Township,M100000US390493777299999,2023,Solar,Capacity,71.16
Jackson Township,M100000US390493777299999,2024,Solar,Capacity,199.6
Jefferson Township,M100000US390493861299999,2001,Wind,Capacity,18.0
Jefferson Township,M100000US390493861299999,2011,Solar,Capacity,1.8
Jefferson Township,M100000US390493861299999,2012,Solar,Capacity,482.4
Jefferson Township,M100000US390493861299999,2013,Solar,Capacity,57.0
Jefferson Township,M100000US390493861299999,2014,Solar,Capacity,10.8
Jefferson Township,M100000US390493861299999,2017,Solar,Capacity,34.0
Jefferson Township,M100000US390493861299999,2018,Solar,Capacity,14.4
Jefferson Township,M100000US390493861299999,2019,Solar,Capacity,37.3
Jefferson Township,M100000US390493861299999,2020,Solar,Capacity,62.9
Jefferson Township,M100000US390493861299999,2021,Solar,Capacity,81.12
Jefferson Township,M100000US390493861299999,2022,Solar,Capacity,160.31
Jefferson Township,M100000US390493861299999,2023,Solar,Capacity,186.22
Jefferson Township,M100000US390493861299999,2024,Solar,Capacity,181.647
Madison Township,M100000US390494641099999,2015,Solar,Capacity,5.0
Madison Township,M100000US390494641099999,2019,Solar,Capacity,103.4
Madison Township,M100000US390494641099999,2020,Solar,Capacity,39.4
Madison Township,M100000US390494641099999,2021,Solar,Capacity,31.64
Madison Township,M100000US390494641099999,2022,Energy Storage,Capacity,3.84
Madison Township,M100000US390494641099999,2022,Solar,Capacity,74.85
Madison Township,M100000US390494641099999,2023,Solar,Capacity,59.42999999999999
Madison Township,M100000US390494641099999,2024,Solar,Capacity,95.59
Mifflin Township,M100000US390495006499999,2022,Solar,Capacity,8.0
Mifflin Township,M100000US390495006499999,2023,Solar,Capacity,8.99
Mifflin Township,M100000US390495006499999,2024,Solar,Capacity,9.64
Norwich Township,M100000US390495734499999,2012,Solar,Capacity,8.0
Norwich Township,M100000US390495734499999,2013,Solar,Capacity,7.5
Norwich Township,M100000US390495734499999,2015,Solar,Capacity,25.2
Norwich Township,M100000US390495734499999,2016,Solar,Capacity,17.7
Norwich Township,M100000US390495734499999,2018,Solar,Capacity,17.9
Norwich Township,M100000US390495734499999,2019,Solar,Capacity,27.1
Norwich Township,M100000US390495734499999,2020,Solar,Capacity,53.2
Norwich Township,M100000US390495734499999,2021,Solar,Capacity,19.05
Norwich Township,M100000US390495734499999,2022,Energy Storage,Capacity,15.0
Norwich Township,M100000US390495734499999,2022,Solar,Capacity,71.58
Norwich Township,M100000US390495734499999,2023,Solar,Capacity,42.51
Norwich Township,M100000US390495734499999,2024,Energy Storage,Capacity,7.68
Norwich Township,M100000US390495734499999,2024,Solar,Capacity,118.038
Perry Township,M100000US390496184099999,2012,Solar,Capacity,4.7
Perry Township,M100000US390496184099999,2013,Solar,Capacity,3.4
Perry Township,M100000US390496184099999,2016,Solar,Capacity,10.0
Perry Township,M100000US390496184099999,2018,Solar,Capacity,26.299999999999997
Perry Township,M100000US390496184099999,2019,Solar,Capacity,5.0
Perry Township,M100000US390496184099999,2020,Solar,Capacity,16.9
Perry Township,M100000US390496184099999,2021,Solar,Capacity,27.93
Perry Township,M100000US390496184099999,2022,Solar,Capacity,37.17
Perry Township,M100000US390496184099999,2023,Energy Storage,Capacity,5.0
Perry Township,M100000US390496184099999,2023,Solar,Capacity,31.201999999999998
Perry Township,M100000US390496184099999,2024,Solar,Capacity,34.54
Plain Township,M100000US390496297499999,2011,Solar,Capacity,27.282
Plain Township,M100000US390496297499999,2017,Solar,Capacity,11.4
Plain Township,M100000US390496297499999,2019,Solar,Capacity,7.6
Plain Township,M100000US390496297499999,2020,Solar,Capacity,19.3
Plain Township,M100000US390496297499999,2021,Solar,Capacity,31.900000000000002
Plain Township,M100000US390496297499999,2022,Solar,Capacity,9.28
Plain Township,M100000US390496297499999,2023,Solar,Capacity,6.0
Plain Township,M100000US390496297499999,2024,Solar,Capacity,13.96
Pleasant Township,M100000US390496325499999,2011,Solar,Capacity,2.0
Pleasant Township,M100000US390496325499999,2014,Solar,Capacity,9.0
Pleasant Township,M100000US390496325499999,2015,Solar,Capacity,13.6
Pleasant Township,M100000US390496325499999,2017,Solar,Capacity,10.0
Pleasant Township,M100000US390496325499999,2018,Solar,Capacity,15.3
Pleasant Township,M100000US390496325499999,2019,Solar,Capacity,8.6
Pleasant Township,M100000US390496325499999,2020,Energy Storage,Capacity,10.0
Pleasant Township,M100000US390496325499999,2020,Solar,Capacity,57.2
Pleasant Township,M100000US390496325499999,2021,Solar,Capacity,92.97
Pleasant Township,M100000US390496325499999,2022,Energy Storage,Capacity,3.84
Pleasant Township,M100000US390496325499999,2022,Solar,Capacity,94.42999999999999
Pleasant Township,M100000US390496325499999,2023,Energy Storage,Capacity,3.84
Pleasant Township,M100000US390496325499999,2023,Solar,Capacity,56.9
Pleasant Township,M100000US390496325499999,2024,Energy Storage,Capacity,7.68
Pleasant Township,M100000US390496325499999,2024,Solar,Capacity,60.2
Prairie Township,M100000US390496457099999,2009,Solar,Capacity,12.2
Prairie Township,M100000US390496457099999,2011,Solar,Capacity,30.0
Prairie Township,M100000US390496457099999,2015,Solar,Capacity,6.0
Prairie Township,M100000US390496457099999,2016,Solar,Capacity,6.0
Prairie Township,M100000US390496457099999,2017,Solar,Capacity,14.5
Prairie Township,M100000US390496457099999,2019,Solar,Capacity,3.8
Prairie Township,M100000US390496457099999,2020,Solar,Capacity,25.1
Prairie Township,M100000US390496457099999,2021,Solar,Capacity,123.67999999999999
Prairie Township,M100000US390496457099999,2022,Solar,Capacity,144.58
Prairie Township,M100000US390496457099999,2023,Energy Storage,Capacity,3.84
Prairie Township,M100000US390496457099999,2023,Solar,Capacity,232.82
Prairie Township,M100000US390496457099999,2024,Solar,Capacity,215.87
Sharon Township,M100000US390497178799999,2009,Solar,Capacity,0.3
Sharon Township,M100000US390497178799999,2011,Solar,Capacity,4.4
Sharon Township,M100000US390497178799999,2017,Solar,Capacity,7.6
Sharon Township,M100000US390497178799999,2018,Solar,Capacity,3.7
Sharon Township,M100000US390497178799999,2020,Solar,Capacity,7.6
Sharon Township,M100000US390497178799999,2021,Solar,Capacity,13.5
Sharon Township,M100000US390497178799999,2022,Solar,Capacity,5.22
Sharon Township,M100000US390497178799999,2023,Energy Storage,Capacity,3.4
Sharon Township,M100000US390497178799999,2023,Solar,Capacity,46.0
Sharon Township,M100000US390497178799999,2024,Solar,Capacity,18.27
Truro Township,M100000US390497771499999,2019,Solar,Capacity,6.0
Truro Township,M100000US390497771499999,2020,Solar,Capacity,4.8
Truro Township,M100000US390497771499999,2021,Solar,Capacity,7.24
Truro Township,M100000US390497771499999,2022,Solar,Capacity,15.3
Truro Township,M100000US390497771499999,2023,Solar,Capacity,31.63
Truro Township,M100000US390497771499999,2024,Solar,Capacity,22.42
Washington Township,M100000US390498124299999,2021,Solar,Capacity,13.2
Washington Township,M100000US390498124299999,2023,Solar,Capacity,15.2
Belle Center Village,M100000US3905116,2022,Solar,Capacity,5.8
Belle Center Village,M100000US3905116,2023,Solar,Capacity,25.75
Bellefontaine City,M100000US3905130,2011,Solar,Capacity,30.0
Bellefontaine City,M100000US3905130,2019,Solar,Capacity,17.1
Bellefontaine City,M100000US3905130,2020,Solar,Capacity,10.06
Bellefontaine City,M100000US3905130,2021,Solar,Capacity,7.6
Bellefontaine City,M100000US3905130,2022,Solar,Capacity,3.8
Bellefontaine City,M100000US3905130,2023,Solar,Capacity,23.91
Bellefontaine City,M100000US3905130,2024,Solar,Capacity,52.83
Bexley City,M100000US3906278,2006,Solar,Capacity,2.24
Bexley City,M100000US3906278,2010,Solar,Capacity,11.0
Bexley City,M100000US3906278,2016,Solar,Capacity,13.0
Bexley City,M100000US3906278,2017,Solar,Capacity,7.6
Bexley City,M100000US3906278,2018,Solar,Capacity,75.2
Bexley City,M100000US3906278,2019,Solar,Capacity,12.2
Bexley City,M100000US3906278,2020,Energy Storage,Capacity,5.0
Bexley City,M100000US3906278,2020,Solar,Capacity,95.5
Bexley City,M100000US3906278,2021,Energy Storage,Capacity,20.0
Bexley City,M100000US3906278,2021,Solar,Capacity,99.07
Bexley City,M100000US3906278,2022,Energy Storage,Capacity,10.0
Bexley City,M100000US3906278,2022,Solar,Capacity,66.18
Bexley City,M100000US3906278,2023,Energy Storage,Capacity,5.0
Bexley City,M100000US3906278,2023,Solar,Capacity,55.480000000000004
Bexley City,M100000US3906278,2024,Solar,Capacity,36.964999999999996
Bloomingburg Village,M100000US3907188,2021,Solar,Capacity,13.63
Bloomingburg Village,M100000US3907188,2022,Solar,Capacity,6.09
Benton Township,M100000US390730557899999,2016,Solar,Capacity,10.0
Falls Township,M100000US390732648899999,2005,Solar,Capacity,1.65
Falls Township,M100000US390732648899999,2005,Wind,Capacity,5.0
Falls Township,M100000US390732648899999,2012,Solar,Capacity,9.7
Falls Township,M100000US390732648899999,2013,Solar,Capacity,17.6
Falls Township,M100000US390732648899999,2017,Solar,Capacity,20.9
Falls Township,M100000US390732648899999,2018,Solar,Capacity,7.6
Falls Township,M100000US390732648899999,2019,Solar,Capacity,29.0
Falls Township,M100000US390732648899999,2020,Solar,Capacity,22.299999999999997
Falls Township,M100000US390732648899999,2021,Solar,Capacity,49.43
Falls Township,M100000US390732648899999,2022,Solar,Capacity,23.32
Falls Township,M100000US390732648899999,2024,Solar,Capacity,43.624
Good Hope Township,M100000US390733084299999,2005,Wind,Capacity,3.0
Good Hope Township,M100000US390733084299999,2019,Solar,Capacity,25.3
Good Hope Township,M100000US390733084299999,2022,Solar,Capacity,23.78
Good Hope Township,M100000US390733084299999,2023,Solar,Capacity,24.36
Green Township,M100000US390733178099999,2018,Solar,Capacity,3.7
Green Township,M100000US390733178099999,2019,Solar,Capacity,41.0
Green Township,M100000US390733178099999,2020,Solar,Capacity,7.2
Green Township,M100000US390733178099999,2021,Solar,Capacity,20.799999999999997
Green Township,M100000US390733178099999,2024,Solar,Capacity,11.5
Laurel Township,M100000US390734205699999,2018,Solar,Capacity,22.8
Marion Township,M100000US390734774099999,2010,Solar,Capacity,8.4
Marion Township,M100000US390734774099999,2011,Solar,Capacity,9.1
Marion Township,M100000US390734774099999,2023,Energy Storage,Capacity,7.0
Marion Township,M100000US390734774099999,2023,Solar,Capacity,25.93
Marion Township,M100000US390734774099999,2024,Solar,Capacity,10.0
Starr Township,M100000US390737440599999,2011,Solar,Capacity,6.0
Starr Township,M100000US390737440599999,2015,Solar,Capacity,10.0
Starr Township,M100000US390737440599999,2018,Solar,Capacity,6.0
Starr Township,M100000US390737440599999,2020,Solar,Capacity,6.0
Starr Township,M100000US390737440599999,2023,Solar,Capacity,5.584
Starr Township,M100000US390737440599999,2024,Solar,Capacity,9.074
Ward Township,M100000US390738078099999,2023,Solar,Capacity,4.06
Washington Township,M100000US390738135499999,2019,Solar,Capacity,6.0
Washington Township,M100000US390738135499999,2020,Solar,Capacity,5.0
Berlin Township,M100000US390830584499999,2018,Solar,Capacity,26.0
Berlin Township,M100000US390830584499999,2019,Solar,Capacity,47.400000000000006
Berlin Township,M100000US390830584499999,2020,Solar,Capacity,15.2
Berlin Township,M100000US390830584499999,2021,Solar,Capacity,17.6
Berlin Township,M100000US390830584499999,2023,Solar,Capacity,17.91
Berlin Township,M100000US390830584499999,2024,Solar,Capacity,20.43
Brown Township,M100000US390830947099999,2023,Solar,Capacity,33.379999999999995
Brown Township,M100000US390830947099999,2024,Solar,Capacity,80.8
Clay Township,M100000US390831550499999,2013,Solar,Capacity,5.2
Clay Township,M100000US390831550499999,2020,Solar,Capacity,7.6
Clinton Township,M100000US390831614099999,2018,Solar,Capacity,32.6
Clinton Township,M100000US390831614099999,2019,Solar,Capacity,15.2
Clinton Township,M100000US390831614099999,2020,Solar,Capacity,14.7
Clinton Township,M100000US390831614099999,2021,Solar,Capacity,17.11
Clinton Township,M100000US390831614099999,2022,Solar,Capacity,13.98
Clinton Township,M100000US390831614099999,2023,Solar,Capacity,42.92
Clinton Township,M100000US390831614099999,2024,Energy Storage,Capacity,3.84
Clinton Township,M100000US390831614099999,2024,Solar,Capacity,58.525999999999996
College Township,M100000US390831668699999,2014,Solar,Capacity,9.0
College Township,M100000US390831668699999,2015,Solar,Capacity,18.0
College Township,M100000US390831668699999,2016,Solar,Capacity,8.0
College Township,M100000US390831668699999,2018,Solar,Capacity,3.8
College Township,M100000US390831668699999,2024,Solar,Capacity,42.394999999999996
Harrison Township,M100000US390833388099999,2023,Solar,Capacity,60.0
Harrison Township,M100000US390833388099999,2024,Solar,Capacity,6.48
Hilliar Township,M100000US390833546299999,2016,Solar,Capacity,27.4
Hilliar Township,M100000US390833546299999,2018,Solar,Capacity,10.0
Hilliar Township,M100000US390833546299999,2019,Solar,Capacity,16.1
Hilliar Township,M100000US390833546299999,2020,Solar,Capacity,51.2
Hilliar Township,M100000US390833546299999,2022,Solar,Capacity,14.559999999999999
Hilliar Township,M100000US390833546299999,2023,Solar,Capacity,7.04
Hilliar Township,M100000US390833546299999,2024,Solar,Capacity,7.6
Howard Township,M100000US390833652699999,2014,Solar,Capacity,29.0
Howard Township,M100000US390833652699999,2020,Solar,Capacity,7.6
Howard Township,M100000US390833652699999,2022,Energy Storage,Capacity,3.84
Howard Township,M100000US390833652699999,2022,Solar,Capacity,37.08
Howard Township,M100000US390833652699999,2023,Energy Storage,Capacity,3.84
Howard Township,M100000US390833652699999,2023,Solar,Capacity,42.92
Howard Township,M100000US390833652699999,2024,Solar,Capacity,29.281
Jefferson Township,M100000US390833866899999,2022,Solar,Capacity,7.54
Liberty Township,M100000US390834321899999,2007,Solar,Capacity,6.0
Liberty Township,M100000US390834321899999,2014,Solar,Capacity,13.9
Liberty Township,M100000US390834321899999,2015,Solar,Capacity,5.0
Liberty Township,M100000US390834321899999,2019,Solar,Capacity,10.0
Liberty Township,M100000US390834321899999,2020,Solar,Capacity,22.0
Liberty Township,M100000US390834321899999,2021,Solar,Capacity,22.689999999999998
Liberty Township,M100000US390834321899999,2022,Solar,Capacity,31.72
Liberty Township,M100000US390834321899999,2023,Solar,Capacity,5.8
Liberty Township,M100000US390834321899999,2024,Solar,Capacity,28.060000000000002
Middlebury Township,M100000US390834965899999,2018,Solar,Capacity,55.1
Middlebury Township,M100000US390834965899999,2021,Solar,Capacity,7.6
Milford Township,M100000US390835020499999,2022,Solar,Capacity,21.25
Miller Township,M100000US390835033099999,2018,Solar,Capacity,9.2
Miller Township,M100000US390835033099999,2020,Solar,Capacity,22.8
Miller Township,M100000US390835033099999,2022,Solar,Capacity,31.4
Miller Township,M100000US390835033099999,2023,Solar,Capacity,10.0
Monroe Township,M100000US390835143699999,2013,Solar,Capacity,8.0
Monroe Township,M100000US390835143699999,2018,Solar,Capacity,7.6
Monroe Township,M100000US390835143699999,2019,Solar,Capacity,14.9
Monroe Township,M100000US390835143699999,2020,Solar,Capacity,13.399999999999999
Monroe Township,M100000US390835143699999,2021,Solar,Capacity,7.6
Monroe Township,M100000US390835143699999,2022,Solar,Capacity,22.189999999999998
Monroe Township,M100000US390835143699999,2023,Solar,Capacity,7.2
Monroe Township,M100000US390835143699999,2024,Solar,Capacity,6.96
Morgan Township,M100000US390835210899999,2019,Solar,Capacity,6.0
Morgan Township,M100000US390835210899999,2022,Solar,Capacity,6.48
Morris Township,M100000US390835229099999,2014,Solar,Capacity,5.3
Morris Township,M100000US390835229099999,2016,Solar,Capacity,7.6
Morris Township,M100000US390835229099999,2018,Solar,Capacity,10.8
Morris Township,M100000US390835229099999,2019,Solar,Capacity,12.6
Morris Township,M100000US390835229099999,2020,Solar,Capacity,21.4
Morris Township,M100000US390835229099999,2021,Solar,Capacity,27.38
Morris Township,M100000US390835229099999,2023,Solar,Capacity,7.8
Morris Township,M100000US390835229099999,2024,Solar,Capacity,6.48
Pike Township,M100000US390836265299999,2020,Solar,Capacity,16.4
Pike Township,M100000US390836265299999,2023,Solar,Capacity,10.28
Pleasant Township,M100000US390836331099999,2015,Solar,Capacity,16.0
Pleasant Township,M100000US390836331099999,2019,Solar,Capacity,5.0
Pleasant Township,M100000US390836331099999,2020,Solar,Capacity,9.5
Pleasant Township,M100000US390836331099999,2021,Solar,Capacity,6.67
Union Township,M100000US390837835899999,2021,Solar,Capacity,7.6
Union Township,M100000US390837835899999,2023,Solar,Capacity,10.0
Union Township,M100000US390837835899999,2024,Solar,Capacity,11.168
Wayne Township,M100000US390838219499999,2019,Solar,Capacity,11.4
Wayne Township,M100000US390838219499999,2022,Solar,Capacity,20.16
Wayne Township,M100000US390838219499999,2023,Solar,Capacity,10.44
Bremen Village,M100000US3908392,2020,Solar,Capacity,7.0
Bremen Village,M100000US3908392,2021,Solar,Capacity,22.8
Bremen Village,M100000US3908392,2022,Solar,Capacity,11.02
Bremen Village,M100000US3908392,2023,Solar,Capacity,9.2
Brice Village,M100000US3908532,2020,Solar,Capacity,5.0
Bennington Township,M100000US390890549499999,2017,Solar,Capacity,6.0
Bennington Township,M100000US390890549499999,2020,Solar,Capacity,8.2
Bennington Township,M100000US390890549499999,2024,Solar,Capacity,17.6
Bowling Green Township,M100000US390890794499999,2019,Solar,Capacity,10.0
Bowling Green Township,M100000US390890794499999,2023,Solar,Capacity,15.2
Burlington Township,M100000US390891036699999,2011,Solar,Capacity,16.1
Burlington Township,M100000US390891036699999,2015,Solar,Capacity,9.9
Burlington Township,M100000US390891036699999,2018,Solar,Capacity,5.0
Burlington Township,M100000US390891036699999,2022,Solar,Capacity,6.96
Etna Township,M100000US390892569099999,2010,Solar,Capacity,2.6
Etna Township,M100000US390892569099999,2014,Solar,Capacity,12.0
Etna Township,M100000US390892569099999,2018,Solar,Capacity,31.1
Etna Township,M100000US390892569099999,2019,Solar,Capacity,33.2
Etna Township,M100000US390892569099999,2020,Solar,Capacity,68.7
Etna Township,M100000US390892569099999,2021,Solar,Capacity,91.208
Etna Township,M100000US390892569099999,2022,Solar,Capacity,49.34
Etna Township,M100000US390892569099999,2023,Energy Storage,Capacity,22.240000000000002
Etna Township,M100000US390892569099999,2023,Solar,Capacity,180.44
Etna Township,M100000US390892569099999,2024,Solar,Capacity,108.31
Franklin Township,M100000US390892833699999,2019,Solar,Capacity,12.6
Franklin Township,M100000US390892833699999,2020,Solar,Capacity,4.2
Franklin Township,M100000US390892833699999,2021,Solar,Capacity,19.0
Franklin Township,M100000US390892833699999,2022,Solar,Capacity,7.6
Granville Township,M100000US390893141699999,2011,Solar,Capacity,3.0
Granville Township,M100000US390893141699999,2013,Solar,Capacity,9.4
Granville Township,M100000US390893141699999,2014,Solar,Capacity,16.0
Granville Township,M100000US390893141699999,2015,Solar,Capacity,7.6
Granville Township,M100000US390893141699999,2016,Solar,Capacity,2.9
Granville Township,M100000US390893141699999,2017,Solar,Capacity,33.64
Granville Township,M100000US390893141699999,2018,Solar,Capacity,22.7
Granville Township,M100000US390893141699999,2019,Solar,Capacity,63.5
Granville Township,M100000US390893141699999,2020,Solar,Capacity,13.6
Granville Township,M100000US390893141699999,2021,Solar,Capacity,39.61
Granville Township,M100000US390893141699999,2022,Solar,Capacity,43.28
Granville Township,M100000US390893141699999,2023,Solar,Capacity,79.65
Granville Township,M100000US390893141699999,2024,Solar,Capacity,25.038
Hanover Township,M100000US390893329999999,2019,Solar,Capacity,3.8
Hanover Township,M100000US390893329999999,2022,Solar,Capacity,22.86
Hanover Township,M100000US390893329999999,2023,Solar,Capacity,2.61
Harrison Township,M100000US390893389499999,2018,Solar,Capacity,5.0
Harrison Township,M100000US390893389499999,2019,Solar,Capacity,21.2
Harrison Township,M100000US390893389499999,2020,Solar,Capacity,22.2
Harrison Township,M100000US390893389499999,2021,Solar,Capacity,54.91
Harrison Township,M100000US390893389499999,2022,Solar,Capacity,88.89
Harrison Township,M100000US390893389499999,2023,Solar,Capacity,78.035
Harrison Township,M100000US390893389499999,2024,Solar,Capacity,17.11
Hartford Township,M100000US390893418899999,2017,Solar,Capacity,7.6
Hartford Township,M100000US390893418899999,2019,Solar,Capacity,9.9
Hopewell Township,M100000US390893631699999,2021,Solar,Capacity,7.6
Jersey Township,M100000US390893910299999,2012,Solar,Capacity,18.7
Jersey Township,M100000US390893910299999,2015,Solar,Capacity,9.6
Jersey Township,M100000US390893910299999,2017,Solar,Capacity,12.4
Jersey Township,M100000US390893910299999,2018,Solar,Capacity,7.6
Jersey Township,M100000US390893910299999,2020,Solar,Capacity,15.0
Jersey Township,M100000US390893910299999,2021,Solar,Capacity,49.04
Jersey Township,M100000US390893910299999,2023,Solar,Capacity,26.389999999999997
Jersey Township,M100000US390893910299999,2024,Solar,Capacity,7.8
Liberty Township,M100000US390894323299999,2018,Solar,Capacity,19.0
Liberty Township,M100000US390894323299999,2022,Solar,Capacity,10.976
Licking Township,M100000US390894345699999,2006,Solar,Capacity,2.5
Licking Township,M100000US390894345699999,2014,Solar,Capacity,810.4
Licking Township,M100000US390894345699999,2018,Solar,Capacity,6.2
Licking Township,M100000US390894345699999,2019,Solar,Capacity,19.0
Licking Township,M100000US390894345699999,2020,Solar,Capacity,3.8
Licking Township,M100000US390894345699999,2022,Solar,Capacity,21.46
Licking Township,M100000US390894345699999,2023,Solar,Capacity,63.19
Licking Township,M100000US390894345699999,2024,Solar,Capacity,14.399999999999999
McKean Township,M100000US390894611699999,2012,Solar,Capacity,6.25
McKean Township,M100000US390894611699999,2016,Solar,Capacity,5.5
McKean Township,M100000US390894611699999,2019,Solar,Capacity,7.4
McKean Township,M100000US390894611699999,2020,Solar,Capacity,7.2
McKean Township,M100000US390894611699999,2022,Solar,Capacity,13.76
McKean Township,M100000US390894611699999,2023,Solar,Capacity,3.8
McKean Township,M100000US390894611699999,2024,Energy Storage,Capacity,10.0
Madison Township,M100000US390894650899999,2013,Solar,Capacity,4.3
Madison Township,M100000US390894650899999,2018,Solar,Capacity,10.6
Madison Township,M100000US390894650899999,2019,Solar,Capacity,16.400000000000002
Madison Township,M100000US390894650899999,2020,Solar,Capacity,14.5
Madison Township,M100000US390894650899999,2021,Solar,Capacity,18.7
Madison Township,M100000US390894650899999,2024,Energy Storage,Capacity,7.68
Madison Township,M100000US390894650899999,2024,Solar,Capacity,28.386000000000003
Mary Ann Township,M100000US390894813299999,2018,Solar,Capacity,6.5
Mary Ann Township,M100000US390894813299999,2019,Solar,Capacity,4.8
Mary Ann Township,M100000US390894813299999,2020,Solar,Capacity,15.4
Mary Ann Township,M100000US390894813299999,2023,Solar,Capacity,10.44
Monroe Township,M100000US390895145099999,2021,Solar,Capacity,44.58
Monroe Township,M100000US390895145099999,2023,Solar,Capacity,11.6
Newark Township,M100000US390895405499999,2018,Solar,Capacity,6.0
Newark Township,M100000US390895405499999,2019,Solar,Capacity,11.899999999999999
Newark Township,M100000US390895405499999,2020,Solar,Capacity,20.3
Newark Township,M100000US390895405499999,2021,Solar,Capacity,25.92
Newark Township,M100000US390895405499999,2022,Solar,Capacity,11.34
Newark Township,M100000US390895405499999,2023,Solar,Capacity,6.0
Newark Township,M100000US390895405499999,2024,Solar,Capacity,15.2
Newton Township,M100000US390895558099999,2012,Solar,Capacity,17.2
Newton Township,M100000US390895558099999,2019,Solar,Capacity,8.0
Newton Township,M100000US390895558099999,2021,Solar,Capacity,30.4
Newton Township,M100000US390895558099999,2022,Solar,Capacity,25.98
Newton Township,M100000US390895558099999,2023,Solar,Capacity,11.904
Newton Township,M100000US390895558099999,2024,Solar,Capacity,86.39
Perry Township,M100000US390896192499999,2024,Solar,Capacity,7.6
St. Albans Township,M100000US390896945699999,2010,Wind,Capacity,2.4
St. Albans Township,M100000US390896945699999,2014,Solar,Capacity,12.0
St. Albans Township,M100000US390896945699999,2016,Solar,Capacity,3.8
St. Albans Township,M100000US390896945699999,2017,Solar,Capacity,27.2
St. Albans Township,M100000US390896945699999,2018,Solar,Capacity,32.16
St. Albans Township,M100000US390896945699999,2019,Solar,Capacity,38.8
St. Albans Township,M100000US390896945699999,2020,Energy Storage,Capacity,15.0
St. Albans Township,M100000US390896945699999,2021,Solar,Capacity,9.6
St. Albans Township,M100000US390896945699999,2022,Solar,Capacity,39.9
St. Albans Township,M100000US390896945699999,2023,Solar,Capacity,37.88
St. Albans Township,M100000US390896945699999,2024,Solar,Capacity,6.67
Union Township,M100000US390897840099999,2013,Solar,Capacity,10.2
Union Township,M100000US390897840099999,2015,Solar,Capacity,7.6
Union Township,M100000US390897840099999,2019,Solar,Capacity,19.8
Union Township,M100000US390897840099999,2020,Solar,Capacity,17.2
Union Township,M100000US390897840099999,2021,Solar,Capacity,50.305
Union Township,M100000US390897840099999,2022,Solar,Capacity,44.75
Union Township,M100000US390897840099999,2023,Solar,Capacity,49.22
Union Township,M100000US390897840099999,2024,Solar,Capacity,36.214
Washington Township,M100000US390898141099999,2022,Solar,Capacity,18.33
Bloomfield Township,M100000US390910711899999,2023,Solar,Capacity,9.125
Harrison Township,M100000US390913390899999,2010,Wind,Capacity,12.0
Harrison Township,M100000US390913390899999,2021,Solar,Capacity,10.0
Harrison Township,M100000US390913390899999,2022,Solar,Capacity,13.86
Harrison Township,M100000US390913390899999,2024,Solar,Capacity,9.36
Jefferson Township,M100000US390913868299999,2019,Solar,Capacity,9.74
Jefferson Township,M100000US390913868299999,2020,Solar,Capacity,14.59
Jefferson Township,M100000US390913868299999,2022,Solar,Capacity,38.6
Jefferson Township,M100000US390913868299999,2023,Solar,Capacity,12.18
Jefferson Township,M100000US390913868299999,2024,Solar,Capacity,3.19
Liberty Township,M100000US390914324699999,2022,Solar,Capacity,4.64
Liberty Township,M100000US390914324699999,2024,Solar,Capacity,6.09
Monroe Township,M100000US390915146499999,2020,Solar,Capacity,7.6
Monroe Township,M100000US390915146499999,2021,Solar,Capacity,11.399999999999999
Perry Township,M100000US390916193899999,2021,Solar,Capacity,5.55
Perry Township,M100000US390916193899999,2023,Solar,Capacity,5.1
Pleasant Township,M100000US390916332499999,2019,Solar,Capacity,3.8
Richland Township,M100000US390916674099999,2012,Solar,Capacity,1.7
Richland Township,M100000US390916674099999,2022,Solar,Capacity,16.7
Richland Township,M100000US390916674099999,2023,Solar,Capacity,12.47
Rushcreek Township,M100000US390916913499999,2017,Solar,Capacity,12.0
Rushcreek Township,M100000US390916913499999,2019,Solar,Capacity,7.6
Rushcreek Township,M100000US390916913499999,2020,Solar,Capacity,21.2
Rushcreek Township,M100000US390916913499999,2021,Solar,Capacity,6.72
Rushcreek Township,M100000US390916913499999,2023,Solar,Capacity,5.1
Stokes Township,M100000US390917478099999,2010,Wind,Capacity,4.0
Stokes Township,M100000US390917478099999,2024,Solar,Capacity,4.1
Washington Township,M100000US390918142499999,2015,Solar,Capacity,8.0
Washington Township,M100000US390918142499999,2024,Solar,Capacity,15.5
Zane Township,M100000US390918804299999,2013,Solar,Capacity,9.46
Zane Township,M100000US390918804299999,2018,Solar,Capacity,15.2
Zane Township,M100000US390918804299999,2019,Solar,Capacity,11.780000000000001
Zane Township,M100000US390918804299999,2020,Solar,Capacity,6.3
Zane Township,M100000US390918804299999,2021,Solar,Capacity,3.48
Zane Township,M100000US390918804299999,2022,Solar,Capacity,11.52
Canaan Township,M100000US390971123499999,2012,Solar,Capacity,8.64
Canaan Township,M100000US390971123499999,2013,Solar,Capacity,10.0
Canaan Township,M100000US390971123499999,2016,Solar,Capacity,73.4
Canaan Township,M100000US390971123499999,2019,Solar,Capacity,5.0
Canaan Township,M100000US390971123499999,2020,Solar,Capacity,72.44
Canaan Township,M100000US390971123499999,2021,Solar,Capacity,14.32
Canaan Township,M100000US390971123499999,2022,Energy Storage,Capacity,5.0
Canaan Township,M100000US390971123499999,2022,Solar,Capacity,31.4
Canaan Township,M100000US390971123499999,2023,Energy Storage,Capacity,7.6
Canaan Township,M100000US390971123499999,2023,Solar,Capacity,39.99
Canaan Township,M100000US390971123499999,2024,Solar,Capacity,9.57
Darby Township,M100000US390972014299999,2010,Wind,Capacity,12.0
Darby Township,M100000US390972014299999,2021,Solar,Capacity,10.0
Darby Township,M100000US390972014299999,2022,Solar,Capacity,4.93
Deer Creek Township,M100000US390972115499999,2010,Solar,Capacity,4.0
Deer Creek Township,M100000US390972115499999,2011,Solar,Capacity,21.4
Deer Creek Township,M100000US390972115499999,2015,Solar,Capacity,24.0
Deer Creek Township,M100000US390972115499999,2016,Solar,Capacity,8.2
Deer Creek Township,M100000US390972115499999,2020,Solar,Capacity,3.8
Deer Creek Township,M100000US390972115499999,2023,Solar,Capacity,5.22
Fairfield Township,M100000US390972606899999,2008,Wind,Capacity,1.8
Fairfield Township,M100000US390972606899999,2013,Solar,Capacity,27.0
Fairfield Township,M100000US390972606899999,2017,Solar,Capacity,7.0
Fairfield Township,M100000US390972606899999,2018,Solar,Capacity,2.7
Fairfield Township,M100000US390972606899999,2019,Solar,Capacity,3.8
Fairfield Township,M100000US390972606899999,2020,Solar,Capacity,3.2
Fairfield Township,M100000US390972606899999,2021,Solar,Capacity,9.57
Fairfield Township,M100000US390972606899999,2022,Solar,Capacity,6.96
Fairfield Township,M100000US390972606899999,2023,Solar,Capacity,25.0
Jefferson Township,M100000US390973869699999,2011,Solar,Capacity,8.3
Jefferson Township,M100000US390973869699999,2013,Solar,Capacity,7.4
Jefferson Township,M100000US390973869699999,2016,Solar,Capacity,15.2
Jefferson Township,M100000US390973869699999,2017,Solar,Capacity,11.5
Jefferson Township,M100000US390973869699999,2021,Solar,Capacity,28.073999999999998
Jefferson Township,M100000US390973869699999,2022,Solar,Capacity,14.5
Jefferson Township,M100000US390973869699999,2023,Solar,Capacity,37.855000000000004
Jefferson Township,M100000US390973869699999,2024,Solar,Capacity,1125.0
Monroe Township,M100000US390975147899999,2008,Solar,Capacity,7.0
Monroe Township,M100000US390975147899999,2016,Solar,Capacity,40.46
Monroe Township,M100000US390975147899999,2018,Solar,Capacity,56.5
Monroe Township,M100000US390975147899999,2019,Solar,Capacity,75.53
Monroe Township,M100000US390975147899999,2022,Solar,Capacity,11.4
Monroe Township,M100000US390975147899999,2023,Solar,Capacity,31.2
Oak Run Township,M100000US390975770899999,2010,Wind,Capacity,10.0
Oak Run Township,M100000US390975770899999,2020,Solar,Capacity,11.4
Oak Run Township,M100000US390975770899999,2021,Solar,Capacity,8.7
Oak Run Township,M100000US390975770899999,2024,Solar,Capacity,57.38
Paint Township,M100000US390975952899999,2017,Solar,Capacity,7.2
Paint Township,M100000US390975952899999,2021,Solar,Capacity,11.4
Paint Township,M100000US390975952899999,2023,Energy Storage,Capacity,0.0
Paint Township,M100000US390975952899999,2023,Solar,Capacity,11.4
Paint Township,M100000US390975952899999,2024,Solar,Capacity,7.83
Pike Township,M100000US390976266699999,2023,Solar,Capacity,45.01
Pleasant Township,M100000US390976333899999,2013,Solar,Capacity,14.5
Pleasant Township,M100000US390976333899999,2016,Solar,Capacity,7.6
Pleasant Township,M100000US390976333899999,2019,Solar,Capacity,19.6
Pleasant Township,M100000US390976333899999,2020,Solar,Capacity,9.48
Pleasant Township,M100000US390976333899999,2021,Solar,Capacity,4.35
Pleasant Township,M100000US390976333899999,2022,Solar,Capacity,17.89
Pleasant Township,M100000US390976333899999,2023,Solar,Capacity,26.89
Pleasant Township,M100000US390976333899999,2024,Solar,Capacity,16.24
Range Township,M100000US390976548099999,2012,Solar,Capacity,16.0
Range Township,M100000US390976548099999,2018,Solar,Capacity,7.6
Range Township,M100000US390976548099999,2020,Solar,Capacity,7.6
Range Township,M100000US390976548099999,2021,Solar,Capacity,10.15
Somerford Township,M100000US390977296099999,2011,Solar,Capacity,19.64
Somerford Township,M100000US390977296099999,2012,Solar,Capacity,3.0
Somerford Township,M100000US390977296099999,2014,Solar,Capacity,6.0
Somerford Township,M100000US390977296099999,2017,Solar,Capacity,8.6
Somerford Township,M100000US390977296099999,2018,Solar,Capacity,6.0
Somerford Township,M100000US390977296099999,2019,Solar,Capacity,41.36
Somerford Township,M100000US390977296099999,2020,Solar,Capacity,13.11
Somerford Township,M100000US390977296099999,2021,Solar,Capacity,11.4
Somerford Township,M100000US390977296099999,2022,Solar,Capacity,38.56
Somerford Township,M100000US390977296099999,2024,Solar,Capacity,19.04
Stokes Township,M100000US390977478499999,2019,Solar,Capacity,3.8
Stokes Township,M100000US390977478499999,2022,Solar,Capacity,10.0
Union Township,M100000US390977842899999,2010,Solar,Capacity,73.04
Union Township,M100000US390977842899999,2010,Wind,Capacity,4.0
Union Township,M100000US390977842899999,2011,Solar,Capacity,18.119999999999997
Union Township,M100000US390977842899999,2020,Solar,Capacity,21.8
Union Township,M100000US390977842899999,2021,Solar,Capacity,9.28
Union Township,M100000US390977842899999,2023,Solar,Capacity,16.53
Buckeye Lake Village,M100000US3909890,2020,Solar,Capacity,5.0
Buckeye Lake Village,M100000US3909890,2023,Solar,Capacity,3.77
Buckeye Lake Village,M100000US3909890,2024,Solar,Capacity,20.15
Big Island Township,M100000US391010634899999,2017,Solar,Capacity,3.6
Big Island Township,M100000US391010634899999,2023,Solar,Capacity,9.18
Bowling Green Township,M100000US391010795899999,2014,Solar,Capacity,14.0
Claridon Township,M100000US391011519699999,2018,Solar,Capacity,10.0
Claridon Township,M100000US391011519699999,2019,Solar,Capacity,11.0
Claridon Township,M100000US391011519699999,2022,Solar,Capacity,4.06
Claridon Township,M100000US391011519699999,2023,Solar,Capacity,16.240000000000002
Claridon Township,M100000US391011519699999,2024,Solar,Capacity,5.0
Grand Prairie Township,M100000US391013119299999,2016,Solar,Capacity,8.2
Grand Prairie Township,M100000US391013119299999,2019,Solar,Capacity,10.0
Grand Prairie Township,M100000US391013119299999,2022,Solar,Capacity,7.6
Grand Prairie Township,M100000US391013119299999,2023,Solar,Capacity,17.8
Green Camp Township,M100000US391013196299999,2018,Solar,Capacity,6.5
Green Camp Township,M100000US391013196299999,2019,Solar,Capacity,6.0
Green Camp Township,M100000US391013196299999,2020,Solar,Capacity,3.8
Green Camp Township,M100000US391013196299999,2023,Solar,Capacity,15.2
Marion Township,M100000US391014776899999,2011,Solar,Capacity,45.0
Marion Township,M100000US391014776899999,2013,Solar,Capacity,40.0
Marion Township,M100000US391014776899999,2017,Solar,Capacity,20.0
Marion Township,M100000US391014776899999,2017,Waste Gas,Capacity,3500.0
Marion Township,M100000US391014776899999,2018,Solar,Capacity,7.6
Marion Township,M100000US391014776899999,2018,Wind,Capacity,4500.0
Marion Township,M100000US391014776899999,2019,Solar,Capacity,22.8
Marion Township,M100000US391014776899999,2021,Solar,Capacity,30.240000000000002
Marion Township,M100000US391014776899999,2022,Solar,Capacity,25.8
Marion Township,M100000US391014776899999,2023,Solar,Capacity,8.48
Marion Township,M100000US391014776899999,2024,Solar,Capacity,18.09
Montgomery Township,M100000US391015173099999,2015,Solar,Capacity,9.9
Montgomery Township,M100000US391015173099999,2023,Solar,Capacity,7.68
Montgomery Township,M100000US391015173099999,2024,Solar,Capacity,34.64
Pleasant Township,M100000US391016335299999,2009,Wind,Capacity,2.4
Pleasant Township,M100000US391016335299999,2011,Solar,Capacity,6.0
Pleasant Township,M100000US391016335299999,2011,Wind,Capacity,2.4
Pleasant Township,M100000US391016335299999,2014,Solar,Capacity,5.0
Pleasant Township,M100000US391016335299999,2017,Solar,Capacity,9.3
Pleasant Township,M100000US391016335299999,2018,Solar,Capacity,12.6
Pleasant Township,M100000US391016335299999,2019,Solar,Capacity,20.8
Pleasant Township,M100000US391016335299999,2020,Solar,Capacity,12.0
Pleasant Township,M100000US391016335299999,2021,Solar,Capacity,19.57
Pleasant Township,M100000US391016335299999,2022,Solar,Capacity,52.669999999999995
Pleasant Township,M100000US391016335299999,2024,Solar,Capacity,25.84
Prospect Township,M100000US391016479499999,2016,Solar,Capacity,10.0
Prospect Township,M100000US391016479499999,2023,Solar,Capacity,7.0
Richland Township,M100000US391016675499999,2015,Solar,Capacity,4.0
Richland Township,M100000US391016675499999,2017,Solar,Capacity,11.0
Richland Township,M100000US391016675499999,2021,Solar,Capacity,16.98
Richland Township,M100000US391016675499999,2022,Solar,Capacity,7.6
Richland Township,M100000US391016675499999,2023,Solar,Capacity,11.6
Scott Township,M100000US391017107399999,2019,Solar,Capacity,7.6
Tully Township,M100000US391017774299999,2015,Solar,Capacity,18.0
Waldo Township,M100000US391018051499999,2016,Solar,Capacity,16.2
Waldo Township,M100000US391018051499999,2018,Solar,Capacity,6.0
Waldo Township,M100000US391018051499999,2020,Solar,Capacity,3.6
Waldo Township,M100000US391018051499999,2021,Solar,Capacity,10.0
Waldo Township,M100000US391018051499999,2022,Solar,Capacity,21.4
Waldo Township,M100000US391018051499999,2023,Solar,Capacity,5.76
Bennington Township,M100000US391170550899999,2020,Solar,Capacity,10.0
Bennington Township,M100000US391170550899999,2023,Energy Storage,Capacity,5.0
Bennington Township,M100000US391170550899999,2023,Solar,Capacity,7.6
Bennington Township,M100000US391170550899999,2024,Solar,Capacity,11.31
Canaan Township,M100000US391171124899999,2016,Solar,Capacity,7.0
Canaan Township,M100000US391171124899999,2022,Solar,Capacity,5.51
Cardington Township,M100000US391171209899999,2020,Solar,Capacity,7.6
Cardington Township,M100000US391171209899999,2023,Solar,Capacity,11.02
Cardington Township,M100000US391171209899999,2024,Solar,Capacity,13.19
Chester Township,M100000US391171403099999,2019,Solar,Capacity,18.7
Chester Township,M100000US391171403099999,2021,Solar,Capacity,24.48
Congress Township,M100000US391171829499999,2018,Solar,Capacity,5.0
Congress Township,M100000US391171829499999,2019,Solar,Capacity,17.6
Congress Township,M100000US391171829499999,2020,Solar,Capacity,3.2
Congress Township,M100000US391171829499999,2021,Solar,Capacity,6.38
Congress Township,M100000US391171829499999,2022,Energy Storage,Capacity,3.84
Congress Township,M100000US391171829499999,2022,Solar,Capacity,10.15
Franklin Township,M100000US391172837899999,2014,Solar,Capacity,11.4
Gilead Township,M100000US391173012899999,2015,Solar,Capacity,9.6
Gilead Township,M100000US391173012899999,2016,Solar,Capacity,8.6
Gilead Township,M100000US391173012899999,2017,Solar,Capacity,7.6
Gilead Township,M100000US391173012899999,2019,Solar,Capacity,26.0
Gilead Township,M100000US391173012899999,2020,Solar,Capacity,26.16
Gilead Township,M100000US391173012899999,2021,Solar,Capacity,11.89
Gilead Township,M100000US391173012899999,2022,Solar,Capacity,7.6
Harmony Township,M100000US391173360099999,2015,Solar,Capacity,8.0
Harmony Township,M100000US391173360099999,2018,Solar,Capacity,10.975
Harmony Township,M100000US391173360099999,2020,Solar,Capacity,7.6
Harmony Township,M100000US391173360099999,2021,Solar,Capacity,7.6
Harmony Township,M100000US391173360099999,2023,Solar,Capacity,9.28
Lincoln Township,M100000US391174368099999,2016,Solar,Capacity,14.0
Lincoln Township,M100000US391174368099999,2018,Solar,Capacity,20.0
Lincoln Township,M100000US391174368099999,2019,Solar,Capacity,8.8
Lincoln Township,M100000US391174368099999,2021,Solar,Capacity,7.04
Lincoln Township,M100000US391174368099999,2022,Solar,Capacity,11.4
North Bloomfield Township,M100000US391175622499999,2019,Solar,Capacity,3.2
North Bloomfield Township,M100000US391175622499999,2021,Solar,Capacity,7.6
Perry Township,M100000US391176198099999,2015,Solar,Capacity,5.0
Perry Township,M100000US391176198099999,2022,Solar,Capacity,4.64
Perry Township,M100000US391176198099999,2023,Energy Storage,Capacity,7.68
Perry Township,M100000US391176198099999,2023,Solar,Capacity,12.47
Perry Township,M100000US391176198099999,2024,Solar,Capacity,14.879999999999999
Peru Township,M100000US391176226099999,2023,Solar,Capacity,6.48
South Bloomfield Township,M100000US391177306199999,2018,Solar,Capacity,3.8
Washington Township,M100000US391178150899999,2009,Wind,Capacity,35.4
Washington Township,M100000US391178150899999,2019,Solar,Capacity,7.4
Washington Township,M100000US391178150899999,2022,Solar,Capacity,7.25
Washington Township,M100000US391178150899999,2023,Solar,Capacity,12.68
Washington Township,M100000US391178150899999,2024,Solar,Capacity,9.559999999999999
Westfield Township,M100000US391178345499999,2019,Solar,Capacity,7.4
Westfield Township,M100000US391178345499999,2020,Solar,Capacity,5.4
Westfield Township,M100000US391178345499999,2021,Solar,Capacity,14.8
Cardington Village,M100000US3912084,2020,Solar,Capacity,3.84
Cardington Village,M100000US3912084,2022,Solar,Capacity,21.55
Cardington Village,M100000US3912084,2023,Solar,Capacity,7.6
Bearfield Township,M100000US391270458499999,2019,Solar,Capacity,8.7
Bearfield Township,M100000US391270458499999,2022,Solar,Capacity,18.990000000000002
Bearfield Township,M100000US391270458499999,2023,Solar,Capacity,7.6
Clayton Township,M100000US391271565899999,2015,Solar,Capacity,15.0
Clayton Township,M100000US391271565899999,2019,Solar,Capacity,10.0
Clayton Township,M100000US391271565899999,2020,Solar,Capacity,5.8
Clayton Township,M100000US391271565899999,2021,Solar,Capacity,7.6
Clayton Township,M100000US391271565899999,2022,Solar,Capacity,15.66
Clayton Township,M100000US391271565899999,2023,Solar,Capacity,14.559999999999999
Clayton Township,M100000US391271565899999,2024,Solar,Capacity,7.2
Coal Township,M100000US391271635099999,2024,Solar,Capacity,8.125
Harrison Township,M100000US391273396499999,2015,Solar,Capacity,4.0
Harrison Township,M100000US391273396499999,2019,Solar,Capacity,19.6
Harrison Township,M100000US391273396499999,2021,Solar,Capacity,7.6
Harrison Township,M100000US391273396499999,2024,Solar,Capacity,13.262
Hopewell Township,M100000US391273638699999,2019,Solar,Capacity,6.0
Hopewell Township,M100000US391273638699999,2021,Solar,Capacity,7.6
Hopewell Township,M100000US391273638699999,2022,Solar,Capacity,11.6
Hopewell Township,M100000US391273638699999,2023,Solar,Capacity,5.8
Madison Township,M100000US391274655099999,2022,Solar,Capacity,7.54
Monroe Township,M100000US391275152099999,2022,Solar,Capacity,28.9
Monroe Township,M100000US391275152099999,2024,Energy Storage,Capacity,7.68
Pike Township,M100000US391276268099999,2013,Solar,Capacity,4.1
Pike Township,M100000US391276268099999,2014,Solar,Capacity,9.0
Pike Township,M100000US391276268099999,2018,Solar,Capacity,5.0
Pike Township,M100000US391276268099999,2019,Solar,Capacity,10.0
Pike Township,M100000US391276268099999,2020,Solar,Capacity,6.0
Pike Township,M100000US391276268099999,2022,Solar,Capacity,15.8
Pike Township,M100000US391276268099999,2024,Solar,Capacity,29.47
Pleasant Township,M100000US391276336699999,2018,Solar,Capacity,5.0
Pleasant Township,M100000US391276336699999,2020,Solar,Capacity,6.4
Pleasant Township,M100000US391276336699999,2021,Solar,Capacity,7.6
Reading Township,M100000US391276576099999,2021,Solar,Capacity,20.36
Salt Lick Township,M100000US391277022699999,2021,Solar,Capacity,15.14
Thorn Township,M100000US391277665999999,2015,Solar,Capacity,12.0
Thorn Township,M100000US391277665999999,2016,Solar,Capacity,13.8
Thorn Township,M100000US391277665999999,2018,Solar,Capacity,3.8
Thorn Township,M100000US391277665999999,2021,Solar,Capacity,28.273
Thorn Township,M100000US391277665999999,2022,Solar,Capacity,10.149999999999999
Thorn Township,M100000US391277665999999,2024,Solar,Capacity,9.75
Darby Township,M100000US391292015699999,2019,Solar,Capacity,15.2
Darby Township,M100000US391292015699999,2020,Solar,Capacity,6.0
Darby Township,M100000US391292015699999,2022,Solar,Capacity,20.16
Monroe Township,M100000US391295153499999,2020,Solar,Capacity,3.84
Monroe Township,M100000US391295153499999,2023,Solar,Capacity,9.2
Perry Township,M100000US391296200899999,2022,Solar,Capacity,4.64
Pickaway Township,M100000US391296248499999,2018,Natural Gas/Propane,Capacity,15036.0
Scioto Township,M100000US391297087099999,2012,Solar,Capacity,4.8
Scioto Township,M100000US391297087099999,2013,Solar,Capacity,14.0
Scioto Township,M100000US391297087099999,2016,Solar,Capacity,6.0
Scioto Township,M100000US391297087099999,2017,Solar,Capacity,6.0
Scioto Township,M100000US391297087099999,2018,Solar,Capacity,4.7
Scioto Township,M100000US391297087099999,2019,Solar,Capacity,17.5
Scioto Township,M100000US391297087099999,2020,Solar,Capacity,6.0
Scioto Township,M100000US391297087099999,2021,Energy Storage,Capacity,3.84
Scioto Township,M100000US391297087099999,2021,Solar,Capacity,49.245
Scioto Township,M100000US391297087099999,2022,Solar,Capacity,25.200000000000003
Scioto Township,M100000US391297087099999,2023,Energy Storage,Capacity,4.8
Scioto Township,M100000US391297087099999,2023,Solar,Capacity,56.28
Scioto Township,M100000US391297087099999,2024,Solar,Capacity,18.05
Centerburg Village,M100000US3913036,2012,Solar,Capacity,1400.0
Centerburg Village,M100000US3913036,2019,Solar,Capacity,7.6
Centerburg Village,M100000US3913036,2020,Solar,Capacity,6.2
Centerburg Village,M100000US3913036,2023,Solar,Capacity,10.309999999999999
Concord Township,M100000US391411823899999,2018,Solar,Capacity,21.0
Franklin Township,M100000US391412842099999,2018,Solar,Capacity,11.4
Franklin Township,M100000US391412842099999,2019,Solar,Capacity,3.0
Franklin Township,M100000US391412842099999,2020,Solar,Capacity,5.0
Franklin Township,M100000US391412842099999,2021,Solar,Capacity,7.6
Franklin Township,M100000US391412842099999,2022,Solar,Capacity,19.2
Franklin Township,M100000US391412842099999,2024,Solar,Capacity,8.41
Green Township,M100000US391413182299999,2007,Solar,Capacity,3.0
Green Township,M100000US391413182299999,2015,Solar,Capacity,5.0
Green Township,M100000US391413182299999,2020,Solar,Capacity,10.0
Harrison Township,M100000US391413400699999,2019,Solar,Capacity,11.4
Harrison Township,M100000US391413400699999,2021,Solar,Capacity,10.44
Huntington Township,M100000US391413689099999,2019,Solar,Capacity,14.1
Huntington Township,M100000US391413689099999,2020,Solar,Capacity,7.6
Huntington Township,M100000US391413689099999,2022,Solar,Capacity,6.38
Huntington Township,M100000US391413689099999,2023,Solar,Capacity,33.769999999999996
Jefferson Township,M100000US391413880899999,2015,Solar,Capacity,17.4
Jefferson Township,M100000US391413880899999,2020,Solar,Capacity,7.6
Jefferson Township,M100000US391413880899999,2022,Solar,Capacity,20.3
Jefferson Township,M100000US391413880899999,2023,Solar,Capacity,16.439999999999998
Liberty Township,M100000US391414330299999,2015,Solar,Capacity,6.0
Liberty Township,M100000US391414330299999,2018,Solar,Capacity,11.1
Liberty Township,M100000US391414330299999,2019,Solar,Capacity,14.16
Liberty Township,M100000US391414330299999,2020,Solar,Capacity,11.4
Liberty Township,M100000US391414330299999,2021,Solar,Capacity,75.22
Liberty Township,M100000US391414330299999,2022,Solar,Capacity,11.08
Liberty Township,M100000US391414330299999,2023,Solar,Capacity,30.880000000000003
Liberty Township,M100000US391414330299999,2024,Solar,Capacity,6.96
Scioto Township,M100000US391417089899999,2018,Solar,Capacity,10.0
Scioto Township,M100000US391417089899999,2020,Solar,Capacity,4.3
Scioto Township,M100000US391417089899999,2021,Solar,Capacity,14.6
Scioto Township,M100000US391417089899999,2024,Solar,Capacity,13.129999999999999
Springfield Township,M100000US391417412999999,2021,Solar,Capacity,14.8
Springfield Township,M100000US391417412999999,2023,Solar,Capacity,3.06
Springfield Township,M100000US391417412999999,2024,Solar,Capacity,8.12
Twin Township,M100000US391417800899999,2015,Solar,Capacity,20.799999999999997
Twin Township,M100000US391417800899999,2020,Solar,Capacity,22.6
Twin Township,M100000US391417800899999,2021,Solar,Capacity,11.4
Twin Township,M100000US391417800899999,2022,Energy Storage,Capacity,3.84
Twin Township,M100000US391417800899999,2022,Solar,Capacity,31.22
Twin Township,M100000US391417800899999,2023,Solar,Capacity,14.32
Twin Township,M100000US391417800899999,2024,Solar,Capacity,43.78
Union Township,M100000US391417854099999,2013,Biofuel,Capacity,400.0
Union Township,M100000US391417854099999,2019,Solar,Capacity,8.6
Union Township,M100000US391417854099999,2020,Solar,Capacity,19.0
Union Township,M100000US391417854099999,2021,Solar,Capacity,7.6
Union Township,M100000US391417854099999,2022,Solar,Capacity,6.0
Union Township,M100000US391417854099999,2023,Solar,Capacity,16.52
Union Township,M100000US391417854099999,2024,Solar,Capacity,38.3
Chillicothe City,M100000US3914184,2011,Solar,Capacity,30.0
Chillicothe City,M100000US3914184,2013,Solar,Capacity,7.3
Chillicothe City,M100000US3914184,2015,Solar,Capacity,13.0
Chillicothe City,M100000US3914184,2019,Solar,Capacity,10.4
Chillicothe City,M100000US3914184,2020,Solar,Capacity,7.6
Chillicothe City,M100000US3914184,2021,Solar,Capacity,30.5
Chillicothe City,M100000US3914184,2022,Energy Storage,Capacity,7.68
Chillicothe City,M100000US3914184,2022,Solar,Capacity,93.08
Chillicothe City,M100000US3914184,2023,Solar,Capacity,20.16
Chillicothe City,M100000US3914184,2024,Solar,Capacity,56.98
Circleville City,M100000US3915070,2018,Solar,Capacity,7.6
Circleville City,M100000US3915070,2019,Solar,Capacity,14.399999999999999
Circleville City,M100000US3915070,2020,Solar,Capacity,3.8
Circleville City,M100000US3915070,2021,Energy Storage,Capacity,3.84
Circleville City,M100000US3915070,2021,Solar,Capacity,27.2
Circleville City,M100000US3915070,2022,Solar,Capacity,27.25
Circleville City,M100000US3915070,2023,Solar,Capacity,43.739999999999995
Circleville City,M100000US3915070,2024,Solar,Capacity,72.196
Claibourne Township,M100000US391591511299999,2011,Solar,Capacity,6.0
Claibourne Township,M100000US391591511299999,2018,Solar,Capacity,3.0
Claibourne Township,M100000US391591511299999,2019,Solar,Capacity,10.0
Claibourne Township,M100000US391591511299999,2020,Solar,Capacity,6.0
Claibourne Township,M100000US391591511299999,2024,Solar,Capacity,18.34
Darby Township,M100000US391592017099999,2020,Solar,Capacity,22.0
Darby Township,M100000US391592017099999,2021,Solar,Capacity,10.44
Darby Township,M100000US391592017099999,2022,Solar,Capacity,14.674
Darby Township,M100000US391592017099999,2023,Solar,Capacity,17.64
Jackson Township,M100000US391593810899999,2019,Solar,Capacity,7.6
Jackson Township,M100000US391593810899999,2021,Solar,Capacity,12.8
Jackson Township,M100000US391593810899999,2022,Energy Storage,Capacity,0.0
Jackson Township,M100000US391593810899999,2022,Solar,Capacity,7.6
Jerome Township,M100000US391593904699999,2015,Solar,Capacity,9.01
Jerome Township,M100000US391593904699999,2018,Solar,Capacity,12.0
Jerome Township,M100000US391593904699999,2021,Solar,Capacity,14.010000000000002
Jerome Township,M100000US391593904699999,2022,Solar,Capacity,22.36
Jerome Township,M100000US391593904699999,2023,Solar,Capacity,71.46
Jerome Township,M100000US391593904699999,2024,Solar,Capacity,55.42
Leesburg Township,M100000US391594249099999,2021,Solar,Capacity,7.26
Liberty Township,M100000US391594335899999,2022,Solar,Capacity,17.4
Millcreek Township,M100000US391595028899999,2016,Solar,Capacity,5.44
Millcreek Township,M100000US391595028899999,2018,Solar,Capacity,12.0
Millcreek Township,M100000US391595028899999,2020,Solar,Capacity,9.6
Millcreek Township,M100000US391595028899999,2021,Solar,Capacity,7.6
Millcreek Township,M100000US391595028899999,2023,Solar,Capacity,4.93
Paris Township,M100000US391595986499999,2022,Solar,Capacity,17.39
Taylor Township,M100000US391597619499999,2011,Solar,Capacity,4.255
Taylor Township,M100000US391597619499999,2017,Solar,Capacity,11.4
Taylor Township,M100000US391597619499999,2022,Solar,Capacity,7.6
Union Township,M100000US391597858299999,2017,Solar,Capacity,14.0
Union Township,M100000US391597858299999,2020,Solar,Capacity,14.4
Union Township,M100000US391597858299999,2022,Solar,Capacity,12.0
Union Township,M100000US391597858299999,2023,Solar,Capacity,8.17
Washington Township,M100000US391598166299999,2020,Solar,Capacity,6.0
Washington Township,M100000US391598166299999,2022,Solar,Capacity,2.32
York Township,M100000US391598712299999,2019,Solar,Capacity,7.6
York Township,M100000US391598712299999,2021,Solar,Capacity,22.5
York Township,M100000US391598712299999,2024,Solar,Capacity,23.0
Columbus City,M100000US3918000,2006,Solar,Capacity,2.1
Columbus City,M100000US3918000,2009,Solar,Capacity,4.9
Columbus City,M100000US3918000,2010,Solar,Capacity,252.35
Columbus City,M100000US3918000,2010,Wind,Capacity,100.0
Columbus City,M100000US3918000,2011,Solar,Capacity,910.32
Columbus City,M100000US3918000,2012,Solar,Capacity,112.0
Columbus City,M100000US3918000,2013,Solar,Capacity,1064.8
Columbus City,M100000US3918000,2014,Solar,Capacity,564.567
Columbus City,M100000US3918000,2015,Solar,Capacity,330.15
Columbus City,M100000US3918000,2016,Solar,Capacity,791.385
Columbus City,M100000US3918000,2017,Energy Storage,Capacity,100.0
Columbus City,M100000US3918000,2017,Solar,Capacity,1390.43
Columbus City,M100000US3918000,2018,Solar,Capacity,873.64
Columbus City,M100000US3918000,2019,Energy Storage,Capacity,250.0
Columbus City,M100000US3918000,2019,Solar,Capacity,12037.76
Columbus City,M100000US3918000,2020,Energy Storage,Capacity,5.0
Columbus City,M100000US3918000,2020,Solar,Capacity,1369.805
Columbus City,M100000US3918000,2021,Energy Storage,Capacity,20.36
Columbus City,M100000US3918000,2021,Solar,Capacity,3052.73
Columbus City,M100000US3918000,2022,Energy Storage,Capacity,18.84
Columbus City,M100000US3918000,2022,Solar,Capacity,3869.83
Columbus City,M100000US3918000,2023,Energy Storage,Capacity,156.46
Columbus City,M100000US3918000,2023,Solar,Capacity,11046.717999999999
Columbus City,M100000US3918000,2024,Energy Storage,Capacity,43.4
Columbus City,M100000US3918000,2024,Solar,Capacity,7882.137
Commercial Point Village,M100000US3918070,2022,Solar,Capacity,5.0
Commercial Point Village,M100000US3918070,2023,Solar,Capacity,27.549999999999997
Commercial Point Village,M100000US3918070,2024,Solar,Capacity,6.0
Corning Village,M100000US3918770,2022,Solar,Capacity,6.08
Crooksville Village,M100000US3919456,2024,Solar,Capacity,2.32
Danville Village,M100000US3920114,2011,Solar,Capacity,1.7
Danville Village,M100000US3920114,2019,Solar,Capacity,2.4
Danville Village,M100000US3920114,2020,Solar,Capacity,11.5
Danville Village,M100000US3920114,2023,Solar,Capacity,9.92
De Graff Village,M100000US3921378,2023,Solar,Capacity,7.25
De Graff Village,M100000US3921378,2024,Solar,Capacity,0.29
Delaware City,M100000US3921434,2006,Solar,Capacity,4.62
Delaware City,M100000US3921434,2010,Wind,Capacity,15.0
Delaware City,M100000US3921434,2014,Solar,Capacity,5.0
Delaware City,M100000US3921434,2015,Solar,Capacity,16.0
Delaware City,M100000US3921434,2016,Solar,Capacity,30.5
Delaware City,M100000US3921434,2017,Solar,Capacity,62.3
Delaware City,M100000US3921434,2018,Solar,Capacity,50.8
Delaware City,M100000US3921434,2019,Solar,Capacity,48.3
Delaware City,M100000US3921434,2020,Solar,Capacity,80.0
Delaware City,M100000US3921434,2021,Solar,Capacity,134.381
Delaware City,M100000US3921434,2022,Solar,Capacity,169.4
Delaware City,M100000US3921434,2023,Energy Storage,Capacity,12.68
Delaware City,M100000US3921434,2023,Solar,Capacity,612.105
Delaware City,M100000US3921434,2024,Energy Storage,Capacity,1006.0
Delaware City,M100000US3921434,2024,Solar,Capacity,1685.127
Dublin City,M100000US3922694,2007,Solar,Capacity,5.0
Dublin City,M100000US3922694,2010,Solar,Capacity,4.0
Dublin City,M100000US3922694,2012,Solar,Capacity,6.5
Dublin City,M100000US3922694,2013,Solar,Capacity,9.0
Dublin City,M100000US3922694,2015,Natural Gas/Propane,Capacity,248.0
Dublin City,M100000US3922694,2015,Solar,Capacity,22.37
Dublin City,M100000US3922694,2016,Solar,Capacity,14.5
Dublin City,M100000US3922694,2017,Solar,Capacity,27.1
Dublin City,M100000US3922694,2018,Solar,Capacity,17.72
Dublin City,M100000US3922694,2019,Solar,Capacity,131.6
Dublin City,M100000US3922694,2020,Solar,Capacity,99.3
Dublin City,M100000US3922694,2021,Solar,Capacity,185.335
Dublin City,M100000US3922694,2022,Energy Storage,Capacity,3.84
Dublin City,M100000US3922694,2022,Solar,Capacity,127.02
Dublin City,M100000US3922694,2023,Energy Storage,Capacity,3.84
Dublin City,M100000US3922694,2023,Solar,Capacity,256.14
Dublin City,M100000US3922694,2024,Energy Storage,Capacity,19.2
Dublin City,M100000US3922694,2024,Solar,Capacity,355.652
Edison Village,M100000US3924598,2020,Solar,Capacity,2.36
Edison Village,M100000US3924598,2023,Solar,Capacity,8.25
Edison Village,M100000US3924598,2024,Solar,Capacity,14.95
Fredericktown Village,M100000US3928658,2014,Solar,Capacity,27.0
Fredericktown Village,M100000US3928658,2016,Solar,Capacity,12.0
Fredericktown Village,M100000US3928658,2020,Solar,Capacity,12.6
Fredericktown Village,M100000US3928658,2023,Solar,Capacity,5.8
Fredericktown Village,M100000US3928658,2024,Solar,Capacity,9.48
Fulton Village,M100000US3929050,2024,Solar,Capacity,7.54
Gahanna City,M100000US3929106,2010,Solar,Capacity,8.0
Gahanna City,M100000US3929106,2012,Solar,Capacity,1460.7
Gahanna City,M100000US3929106,2013,Solar,Capacity,7.0
Gahanna City,M100000US3929106,2014,Solar,Capacity,18.5
Gahanna City,M100000US3929106,2015,Solar,Capacity,450.0
Gahanna City,M100000US3929106,2016,Solar,Capacity,7.0
Gahanna City,M100000US3929106,2017,Solar,Capacity,32.9
Gahanna City,M100000US3929106,2018,Solar,Capacity,37.7
Gahanna City,M100000US3929106,2019,Solar,Capacity,101.9
Gahanna City,M100000US3929106,2020,Solar,Capacity,121.08
Gahanna City,M100000US3929106,2021,Solar,Capacity,180.16
Gahanna City,M100000US3929106,2022,Energy Storage,Capacity,13.84
Gahanna City,M100000US3929106,2022,Solar,Capacity,272.13
Gahanna City,M100000US3929106,2023,Energy Storage,Capacity,4.8
Gahanna City,M100000US3929106,2023,Solar,Capacity,363.34999999999997
Gahanna City,M100000US3929106,2024,Solar,Capacity,554.794
Galena Village,M100000US3929148,2020,Solar,Capacity,8.8
Galena Village,M100000US3929148,2021,Solar,Capacity,15.2
Galena Village,M100000US3929148,2024,Solar,Capacity,4.324
Gambier Village,M100000US3929246,2015,Solar,Capacity,1.9
Gambier Village,M100000US3929246,2017,Solar,Capacity,47.6
Gambier Village,M100000US3929246,2018,Solar,Capacity,5.0
Gambier Village,M100000US3929246,2019,Solar,Capacity,8.0
Gambier Village,M100000US3929246,2020,Solar,Capacity,3.8
Gambier Village,M100000US3929246,2022,Solar,Capacity,11.18
Gambier Village,M100000US3929246,2023,Solar,Capacity,5.76
Gann (Brinkhaven) Village,M100000US3929288,2021,Solar,Capacity,7.6
Gann (Brinkhaven) Village,M100000US3929288,2023,Solar,Capacity,8.64
Glenford Village,M100000US3930436,2021,Solar,Capacity,11.09
Glenford Village,M100000US3930436,2022,Solar,Capacity,15.0
Grandview Heights City,M100000US3931304,2010,Solar,Capacity,2.8
Grandview Heights City,M100000US3931304,2016,Solar,Capacity,6.0
Grandview Heights City,M100000US3931304,2017,Solar,Capacity,21.9
Grandview Heights City,M100000US3931304,2019,Solar,Capacity,28.0
Grandview Heights City,M100000US3931304,2020,Solar,Capacity,24.2
Grandview Heights City,M100000US3931304,2021,Solar,Capacity,48.06
Grandview Heights City,M100000US3931304,2022,Solar,Capacity,62.33
Grandview Heights City,M100000US3931304,2023,Solar,Capacity,40.58
Grandview Heights City,M100000US3931304,2024,Solar,Capacity,37.983999999999995
Granville Village,M100000US3931402,2009,Solar,Capacity,3.6
Granville Village,M100000US3931402,2010,Solar,Capacity,6.4
Granville Village,M100000US3931402,2012,Solar,Capacity,10.370000000000001
Granville Village,M100000US3931402,2013,Solar,Capacity,10.2
Granville Village,M100000US3931402,2014,Solar,Capacity,16.0
Granville Village,M100000US3931402,2015,Solar,Capacity,17.9
Granville Village,M100000US3931402,2016,Solar,Capacity,3.8
Granville Village,M100000US3931402,2017,Solar,Capacity,1887.3
Granville Village,M100000US3931402,2018,Solar,Capacity,24.1
Granville Village,M100000US3931402,2019,Solar,Capacity,22.5
Granville Village,M100000US3931402,2020,Solar,Capacity,87.4
Granville Village,M100000US3931402,2021,Solar,Capacity,8.12
Granville Village,M100000US3931402,2022,Solar,Capacity,13.399999999999999
Granville Village,M100000US3931402,2023,Solar,Capacity,28.33
Granville Village,M100000US3931402,2024,Energy Storage,Capacity,10.0
Granville Village,M100000US3931402,2024,Solar,Capacity,16.304
Green Camp Village,M100000US3931948,2021,Solar,Capacity,5.61
Grove City City,M100000US3932592,2010,Solar,Capacity,0.4
Grove City City,M100000US3932592,2011,Solar,Capacity,45.0
Grove City City,M100000US3932592,2012,Solar,Capacity,1.1
Grove City City,M100000US3932592,2015,Solar,Capacity,10.0
Grove City City,M100000US3932592,2016,Solar,Capacity,2.9
Grove City City,M100000US3932592,2017,Solar,Capacity,20.6
Grove City City,M100000US3932592,2018,Solar,Capacity,15.2
Grove City City,M100000US3932592,2019,Solar,Capacity,50.9
Grove City City,M100000US3932592,2020,Solar,Capacity,87.4
Grove City City,M100000US3932592,2021,Solar,Capacity,209.37
Grove City City,M100000US3932592,2022,Solar,Capacity,220.66
Grove City City,M100000US3932592,2023,Energy Storage,Capacity,8.84
Grove City City,M100000US3932592,2023,Natural Gas/Propane,Capacity,3624.0
Grove City City,M100000US3932592,2023,Solar,Capacity,440.135
Grove City City,M100000US3932592,2024,Solar,Capacity,532.209
Groveport City,M100000US3932606,2000,Wind,Capacity,10.0
Groveport City,M100000US3932606,2008,Solar,Capacity,1.3
Groveport City,M100000US3932606,2014,Solar,Capacity,5.8
Groveport City,M100000US3932606,2019,Solar,Capacity,23.4
Groveport City,M100000US3932606,2020,Solar,Capacity,4.8
Groveport City,M100000US3932606,2021,Solar,Capacity,10.32
Groveport City,M100000US3932606,2022,Solar,Capacity,39.64
Groveport City,M100000US3932606,2023,Solar,Capacity,44.75
Groveport City,M100000US3932606,2024,Solar,Capacity,76.685
Hanover Village,M100000US3933292,2018,Solar,Capacity,5.0
Hanover Village,M100000US3933292,2022,Solar,Capacity,7.6
Hanover Village,M100000US3933292,2023,Solar,Capacity,5.22
Hanover Village,M100000US3933292,2024,Solar,Capacity,10.559999999999999
Harrisburg Village,M100000US3933740,2023,Solar,Capacity,12.76
Heath City,M100000US3934748,2008,Solar,Capacity,61.0
Heath City,M100000US3934748,2016,Solar,Capacity,9.0
Heath City,M100000US3934748,2018,Solar,Capacity,11.4
Heath City,M100000US3934748,2019,Solar,Capacity,25.0
Heath City,M100000US3934748,2020,Solar,Capacity,2.4
Heath City,M100000US3934748,2021,Solar,Capacity,29.2
Heath City,M100000US3934748,2022,Solar,Capacity,8.88
Heath City,M100000US3934748,2023,Solar,Capacity,52.99
Heath City,M100000US3934748,2024,Solar,Capacity,106.96
Hebron Village,M100000US3934790,2018,Solar,Capacity,3.0
Hebron Village,M100000US3934790,2019,Solar,Capacity,6.0
Hebron Village,M100000US3934790,2022,Solar,Capacity,7.6
Hebron Village,M100000US3934790,2023,Solar,Capacity,11.6
Hebron Village,M100000US3934790,2024,Solar,Capacity,7.83
Hilliard City,M100000US3935476,2011,Solar,Capacity,59.4
Hilliard City,M100000US3935476,2012,Solar,Capacity,1.9
Hilliard City,M100000US3935476,2015,Solar,Capacity,6.5
Hilliard City,M100000US3935476,2016,Solar,Capacity,22.6
Hilliard City,M100000US3935476,2017,Solar,Capacity,23.5
Hilliard City,M100000US3935476,2018,Solar,Capacity,3.1
Hilliard City,M100000US3935476,2019,Solar,Capacity,58.2
Hilliard City,M100000US3935476,2020,Solar,Capacity,108.4
Hilliard City,M100000US3935476,2021,Solar,Capacity,201.32
Hilliard City,M100000US3935476,2022,Energy Storage,Capacity,3.84
Hilliard City,M100000US3935476,2022,Solar,Capacity,155.4
Hilliard City,M100000US3935476,2023,Energy Storage,Capacity,11.52
Hilliard City,M100000US3935476,2023,Solar,Capacity,409.87399999999997
Hilliard City,M100000US3935476,2024,Energy Storage,Capacity,5.0
Hilliard City,M100000US3935476,2024,Solar,Capacity,330.385
Jeffersonville Village,M100000US3938920,2023,Solar,Capacity,13.9
Jeffersonville Village,M100000US3938920,2024,Solar,Capacity,4.92
Johnstown City,M100000US3939340,2019,Solar,Capacity,2.4
Johnstown City,M100000US3939340,2021,Solar,Capacity,8.12
Johnstown City,M100000US3939340,2022,Solar,Capacity,36.61
Johnstown City,M100000US3939340,2023,Solar,Capacity,4.06
Johnstown City,M100000US3939340,2024,Solar,Capacity,23.732
Kirkersville Village,M100000US3940572,2024,Solar,Capacity,2.9
Lancaster City,M100000US3941720,2010,Solar,Capacity,10.0
Lancaster City,M100000US3941720,2011,Solar,Capacity,30.0
Lancaster City,M100000US3941720,2013,Solar,Capacity,12.5
Lancaster City,M100000US3941720,2016,Solar,Capacity,7.6
Lancaster City,M100000US3941720,2017,Solar,Capacity,10.0
Lancaster City,M100000US3941720,2018,Solar,Capacity,5.9
Lancaster City,M100000US3941720,2019,Solar,Capacity,26.1
Lancaster City,M100000US3941720,2020,Solar,Capacity,39.3
Lancaster City,M100000US3941720,2021,Solar,Capacity,72.195
Lancaster City,M100000US3941720,2022,Energy Storage,Capacity,3.84
Lancaster City,M100000US3941720,2022,Solar,Capacity,126.25
Lancaster City,M100000US3941720,2023,Energy Storage,Capacity,7.24
Lancaster City,M100000US3941720,2023,Solar,Capacity,108.36
Lancaster City,M100000US3941720,2024,Solar,Capacity,124.77499999999999
La Rue Village,M100000US3941902,2023,Solar,Capacity,4.48
Logan City,M100000US3944632,2010,Solar,Capacity,23.0
Logan City,M100000US3944632,2010,Wind,Capacity,2.4
Logan City,M100000US3944632,2014,Solar,Capacity,12.0
Logan City,M100000US3944632,2018,Solar,Capacity,14.8
Logan City,M100000US3944632,2019,Solar,Capacity,27.6
Logan City,M100000US3944632,2020,Solar,Capacity,12.0
Logan City,M100000US3944632,2021,Solar,Capacity,141.5
Logan City,M100000US3944632,2023,Solar,Capacity,8.7
Logan City,M100000US3944632,2024,Solar,Capacity,4.35
London City,M100000US3944674,2011,Solar,Capacity,62.93
London City,M100000US3944674,2012,Solar,Capacity,2044.4
London City,M100000US3944674,2013,Solar,Capacity,60.0
London City,M100000US3944674,2014,Solar,Capacity,5.0
London City,M100000US3944674,2016,Solar,Capacity,5.0
London City,M100000US3944674,2019,Solar,Capacity,5.0
London City,M100000US3944674,2020,Solar,Capacity,7.6
London City,M100000US3944674,2021,Solar,Capacity,4.08
London City,M100000US3944674,2022,Energy Storage,Capacity,0.0
London City,M100000US3944674,2022,Solar,Capacity,40.33
London City,M100000US3944674,2023,Solar,Capacity,14.48
London City,M100000US3944674,2024,Solar,Capacity,79.56
Marble Cliff Village,M100000US3947474,2018,Solar,Capacity,5.6
Marble Cliff Village,M100000US3947474,2020,Solar,Capacity,24.5
Marble Cliff Village,M100000US3947474,2022,Solar,Capacity,5.22
Marble Cliff Village,M100000US3947474,2023,Solar,Capacity,3.48
Marble Cliff Village,M100000US3947474,2024,Solar,Capacity,13.92
Marion City,M100000US3947754,2016,Solar,Capacity,6.0
Marion City,M100000US3947754,2019,Solar,Capacity,13.8
Marion City,M100000US3947754,2020,Solar,Capacity,32.16
Marion City,M100000US3947754,2021,Solar,Capacity,17.5
Marion City,M100000US3947754,2022,Energy Storage,Capacity,0.0
Marion City,M100000US3947754,2022,Solar,Capacity,67.86
Marion City,M100000US3947754,2023,Solar,Capacity,23.36
Marion City,M100000US3947754,2024,Solar,Capacity,57.7
Marysville City,M100000US3948160,2019,Solar,Capacity,13.375
Marysville City,M100000US3948160,2020,Solar,Capacity,46.5
Marysville City,M100000US3948160,2021,Solar,Capacity,26.48
Marysville City,M100000US3948160,2022,Solar,Capacity,100.92999999999999
Marysville City,M100000US3948160,2023,Solar,Capacity,154.3
Marysville City,M100000US3948160,2024,Solar,Capacity,82.97
Milford Center Village,M100000US3950218,2022,Solar,Capacity,13.14
Millersport Village,M100000US3950400,2022,Solar,Capacity,11.95
Millersport Village,M100000US3950400,2023,Solar,Capacity,14.64
Minerva Park Village,M100000US3950862,2019,Solar,Capacity,13.8
Minerva Park Village,M100000US3950862,2020,Solar,Capacity,18.8
Minerva Park Village,M100000US3950862,2021,Solar,Capacity,25.1
Minerva Park Village,M100000US3950862,2022,Solar,Capacity,50.81
Minerva Park Village,M100000US3950862,2023,Solar,Capacity,79.38
Minerva Park Village,M100000US3950862,2024,Solar,Capacity,52.14
Mount Gilead Village,M100000US3952738,2014,Solar,Capacity,500.0
Mount Gilead Village,M100000US3952738,2018,Solar,Capacity,7.6
Mount Gilead Village,M100000US3952738,2019,Solar,Capacity,6.72
Mount Gilead Village,M100000US3952738,2021,Solar,Capacity,5.92
Mount Gilead Village,M100000US3952738,2022,Solar,Capacity,8.44
Mount Sterling Village,M100000US3953046,2020,Solar,Capacity,3.6
Mount Sterling Village,M100000US3953046,2022,Solar,Capacity,7.6
Mount Sterling Village,M100000US3953046,2023,Solar,Capacity,4.35
Mount Sterling Village,M100000US3953046,2024,Solar,Capacity,58.9
Mount Vernon City,M100000US3953102,2018,Solar,Capacity,7.6
Mount Vernon City,M100000US3953102,2019,Solar,Capacity,13.4
Mount Vernon City,M100000US3953102,2020,Solar,Capacity,25.7
Mount Vernon City,M100000US3953102,2021,Solar,Capacity,19.36
Mount Vernon City,M100000US3953102,2022,Solar,Capacity,61.92
Mount Vernon City,M100000US3953102,2023,Energy Storage,Capacity,15.36
Mount Vernon City,M100000US3953102,2023,Solar,Capacity,88.652
Mount Vernon City,M100000US3953102,2024,Solar,Capacity,45.85
New Albany City,M100000US3953970,2007,Solar,Capacity,18.65
New Albany City,M100000US3953970,2012,Solar,Capacity,4.5
New Albany City,M100000US3953970,2013,Solar,Capacity,100.0
New Albany City,M100000US3953970,2015,Solar,Capacity,8.0
New Albany City,M100000US3953970,2016,Solar,Capacity,7.6
New Albany City,M100000US3953970,2018,Solar,Capacity,16.8
New Albany City,M100000US3953970,2019,Solar,Capacity,17.6
New Albany City,M100000US3953970,2020,Solar,Capacity,11.4
New Albany City,M100000US3953970,2021,Energy Storage,Capacity,10.0
New Albany City,M100000US3953970,2021,Solar,Capacity,119.6
New Albany City,M100000US3953970,2022,Solar,Capacity,36.019999999999996
New Albany City,M100000US3953970,2023,Energy Storage,Capacity,16.0
New Albany City,M100000US3953970,2023,Solar,Capacity,96.32
New Albany City,M100000US3953970,2024,Solar,Capacity,1275.664
Newark City,M100000US3954040,2013,Solar,Capacity,8.4
Newark City,M100000US3954040,2015,Solar,Capacity,56.7
Newark City,M100000US3954040,2016,Solar,Capacity,8.1
Newark City,M100000US3954040,2017,Solar,Capacity,805.4000000000001
Newark City,M100000US3954040,2018,Solar,Capacity,26.0
Newark City,M100000US3954040,2019,Solar,Capacity,73.7
Newark City,M100000US3954040,2020,Solar,Capacity,86.9
Newark City,M100000US3954040,2021,Solar,Capacity,43.5
Newark City,M100000US3954040,2022,Solar,Capacity,106.94
Newark City,M100000US3954040,2023,Natural Gas/Propane,Capacity,1180.0
Newark City,M100000US3954040,2023,Solar,Capacity,214.488
Newark City,M100000US3954040,2024,Solar,Capacity,231.863
New Holland Village,M100000US3954726,2020,Solar,Capacity,11.4
New Holland Village,M100000US3954726,2022,Solar,Capacity,12.399999999999999
New Lexington Village,M100000US3954866,2018,Solar,Capacity,27.6
New Lexington Village,M100000US3954866,2019,Solar,Capacity,5.0
New Lexington Village,M100000US3954866,2020,Solar,Capacity,5.0
New Lexington Village,M100000US3954866,2021,Solar,Capacity,7.6
New Lexington Village,M100000US3954866,2022,Solar,Capacity,3.48
New Straitsville Village,M100000US3955552,2020,Solar,Capacity,4.8
Obetz City,M100000US3957862,2018,Solar,Capacity,14.5
Obetz City,M100000US3957862,2020,Solar,Capacity,21.77
Obetz City,M100000US3957862,2022,Solar,Capacity,35.089999999999996
Obetz City,M100000US3957862,2023,Energy Storage,Capacity,19.8
Obetz City,M100000US3957862,2023,Solar,Capacity,120.02
Obetz City,M100000US3957862,2024,Solar,Capacity,273.29
Ostrander Village,M100000US3958940,2017,Solar,Capacity,3.5
Ostrander Village,M100000US3958940,2020,Solar,Capacity,7.6
Ostrander Village,M100000US3958940,2021,Solar,Capacity,5.28
Ostrander Village,M100000US3958940,2023,Solar,Capacity,5.2
Ostrander Village,M100000US3958940,2024,Solar,Capacity,22.8
Pataskala City,M100000US3961112,2014,Solar,Capacity,4.0
Pataskala City,M100000US3961112,2017,Solar,Capacity,13.6
Pataskala City,M100000US3961112,2018,Solar,Capacity,6.7
Pataskala City,M100000US3961112,2019,Solar,Capacity,21.5
Pataskala City,M100000US3961112,2020,Solar,Capacity,27.5
Pataskala City,M100000US3961112,2021,Solar,Capacity,100.6
Pataskala City,M100000US3961112,2022,Solar,Capacity,96.65
Pataskala City,M100000US3961112,2023,Energy Storage,Capacity,3.85
Pataskala City,M100000US3961112,2023,Solar,Capacity,197.34099999999998
Pataskala City,M100000US3961112,2024,Solar,Capacity,200.94
Pickerington City,M100000US3962498,2024,Energy Storage,Capacity,442.0
Pickerington City,M100000US3962498,2024,Solar,Capacity,95.8
Plain City Village,M100000US3963030,2012,Solar,Capacity,7.0
Plain City Village,M100000US3963030,2016,Solar,Capacity,13.8
Plain City Village,M100000US3963030,2017,Solar,Capacity,7.15
Plain City Village,M100000US3963030,2019,Solar,Capacity,23.4
Plain City Village,M100000US3963030,2020,Solar,Capacity,7.6
Plain City Village,M100000US3963030,2021,Solar,Capacity,19.52
Plain City Village,M100000US3963030,2022,Energy Storage,Capacity,0.0
Plain City Village,M100000US3963030,2022,Solar,Capacity,22.78
Plain City Village,M100000US3963030,2023,Solar,Capacity,38.91
Plain City Village,M100000US3963030,2024,Solar,Capacity,47.16
Pleasantville Village,M100000US3963716,2018,Solar,Capacity,3.5
Pleasantville Village,M100000US3963716,2023,Solar,Capacity,8.12
Powell City,M100000US3964486,2012,Solar,Capacity,70.0
Powell City,M100000US3964486,2013,Solar,Capacity,6.6
Powell City,M100000US3964486,2018,Solar,Capacity,6.0
Powell City,M100000US3964486,2019,Solar,Capacity,26.0
Powell City,M100000US3964486,2020,Solar,Capacity,50.099999999999994
Powell City,M100000US3964486,2021,Solar,Capacity,53.05
Powell City,M100000US3964486,2022,Solar,Capacity,138.0
Powell City,M100000US3964486,2023,Energy Storage,Capacity,21.0
Powell City,M100000US3964486,2023,Solar,Capacity,149.35
Powell City,M100000US3964486,2024,Solar,Capacity,81.048
Quincy Village,M100000US3965200,2020,Solar,Capacity,5.76
Quincy Village,M100000US3965200,2022,Solar,Capacity,13.46
Quincy Village,M100000US3965200,2023,Solar,Capacity,13.3
Reynoldsburg City,M100000US3966390,2010,Solar,Capacity,3.54
Reynoldsburg City,M100000US3966390,2011,Solar,Capacity,24.0
Reynoldsburg City,M100000US3966390,2014,Solar,Capacity,14.3
Reynoldsburg City,M100000US3966390,2015,Solar,Capacity,3.0
Reynoldsburg City,M100000US3966390,2016,Solar,Capacity,7.6
Reynoldsburg City,M100000US3966390,2017,Solar,Capacity,5.0
Reynoldsburg City,M100000US3966390,2018,Solar,Capacity,7.59
Reynoldsburg City,M100000US3966390,2019,Solar,Capacity,68.4
Reynoldsburg City,M100000US3966390,2020,Solar,Capacity,111.36
Reynoldsburg City,M100000US3966390,2021,Energy Storage,Capacity,2.56
Reynoldsburg City,M100000US3966390,2021,Solar,Capacity,273.825
Reynoldsburg City,M100000US3966390,2022,Solar,Capacity,214.48
Reynoldsburg City,M100000US3966390,2023,Energy Storage,Capacity,5.0
Reynoldsburg City,M100000US3966390,2023,Solar,Capacity,253.535
Reynoldsburg City,M100000US3966390,2024,Solar,Capacity,443.665
Richwood Village,M100000US3966936,2019,Solar,Capacity,6.359999999999999
Richwood Village,M100000US3966936,2021,Solar,Capacity,7.25
Richwood Village,M100000US3966936,2022,Energy Storage,Capacity,0.0
Richwood Village,M100000US3966936,2022,Solar,Capacity,17.75
Riverlea Village,M100000US3967440,2019,Solar,Capacity,11.0
Riverlea Village,M100000US3967440,2020,Solar,Capacity,9.3
Riverlea Village,M100000US3967440,2021,Solar,Capacity,16.82
Roseville Village,M100000US3968560,2019,Solar,Capacity,3.8
Roseville Village,M100000US3968560,2024,Solar,Capacity,4.48
Rushsylvania Village,M100000US3969176,2023,Solar,Capacity,5.76
Rushville Village,M100000US3969204,2021,Solar,Capacity,7.6
Shawnee Hills Village,M100000US3971976,2015,Solar,Capacity,5.0
Shawnee Hills Village,M100000US3971976,2024,Solar,Capacity,8.99
Somerset Village,M100000US3972977,2020,Solar,Capacity,3.8
Somerset Village,M100000US3972977,2022,Solar,Capacity,9.149999999999999
South Solon Village,M100000US3973768,2022,Solar,Capacity,5.32
Sugar Grove Village,M100000US3975252,2020,Solar,Capacity,6.0
Sunbury City,M100000US3975602,2018,Solar,Capacity,6.0
Sunbury City,M100000US3975602,2019,Solar,Capacity,5.0
Sunbury City,M100000US3975602,2020,Solar,Capacity,3.1
Sunbury City,M100000US3975602,2021,Solar,Capacity,30.02
Sunbury City,M100000US3975602,2022,Solar,Capacity,9.24
Sunbury City,M100000US3975602,2023,Solar,Capacity,59.605
Sunbury City,M100000US3975602,2024,Solar,Capacity,44.22
Thornville Village,M100000US3976680,2020,Solar,Capacity,17.2
Thornville Village,M100000US3976680,2021,Solar,Capacity,11.37
Thornville Village,M100000US3976680,2022,Solar,Capacity,7.68
Unionville Center Village,M100000US3978834,2023,Solar,Capacity,6.6
Upper Arlington City,M100000US3979002,2009,Solar,Capacity,34.5
Upper Arlington City,M100000US3979002,2011,Solar,Capacity,14.9
Upper Arlington City,M100000US3979002,2013,Solar,Capacity,6.9
Upper Arlington City,M100000US3979002,2014,Solar,Capacity,5.0
Upper Arlington City,M100000US3979002,2015,Solar,Capacity,9.1
Upper Arlington City,M100000US3979002,2016,Solar,Capacity,37.0
Upper Arlington City,M100000US3979002,2017,Solar,Capacity,26.4
Upper Arlington City,M100000US3979002,2018,Solar,Capacity,77.2
Upper Arlington City,M100000US3979002,2019,Solar,Capacity,151.5
Upper Arlington City,M100000US3979002,2020,Solar,Capacity,129.9
Upper Arlington City,M100000US3979002,2021,Solar,Capacity,210.049
Upper Arlington City,M100000US3979002,2022,Energy Storage,Capacity,11.52
Upper Arlington City,M100000US3979002,2022,Solar,Capacity,275.03999999999996
Upper Arlington City,M100000US3979002,2023,Energy Storage,Capacity,30.36
Upper Arlington City,M100000US3979002,2023,Solar,Capacity,374.865
Upper Arlington City,M100000US3979002,2024,Energy Storage,Capacity,24.2
Upper Arlington City,M100000US3979002,2024,Solar,Capacity,667.21
Urbancrest Village,M100000US3979100,2010,Solar,Capacity,5.0
Urbancrest Village,M100000US3979100,2019,Solar,Capacity,7.6
Urbancrest Village,M100000US3979100,2020,Solar,Capacity,5.0
Urbancrest Village,M100000US3979100,2022,Solar,Capacity,2.61
Urbancrest Village,M100000US3979100,2024,Solar,Capacity,22.0
Utica Village,M100000US3979114,2018,Solar,Capacity,3.0
Utica Village,M100000US3979114,2021,Solar,Capacity,8.41
Utica Village,M100000US3979114,2022,Solar,Capacity,6.8
Utica Village,M100000US3979114,2023,Energy Storage,Capacity,3.84
Utica Village,M100000US3979114,2023,Solar,Capacity,22.72
Valleyview Village,M100000US3979282,2019,Solar,Capacity,3.6
Valleyview Village,M100000US3979282,2021,Solar,Capacity,3.0
Valleyview Village,M100000US3979282,2024,Solar,Capacity,8.6
Waldo Village,M100000US3980500,2012,Solar,Capacity,5.9
Washington Court House City,M100000US3981718,2009,Solar,Capacity,7.05
Washington Court House City,M100000US3981718,2011,Solar,Capacity,290.0
Washington Court House City,M100000US3981718,2012,Solar,Capacity,40.0
Washington Court House City,M100000US3981718,2015,Solar,Capacity,16.095
Washington Court House City,M100000US3981718,2018,Solar,Capacity,13.54
Washington Court House City,M100000US3981718,2019,Solar,Capacity,29.035
Washington Court House City,M100000US3981718,2020,Solar,Capacity,3.84
Washington Court House City,M100000US3981718,2021,Solar,Capacity,33.34
Washington Court House City,M100000US3981718,2022,Solar,Capacity,26.61
Washington Court House City,M100000US3981718,2023,Solar,Capacity,32.41
Washington Court House City,M100000US3981718,2024,Solar,Capacity,60.02
West Jefferson Village,M100000US3983580,2012,Solar,Capacity,1050.0
West Jefferson Village,M100000US3983580,2013,Solar,Capacity,25.9
West Jefferson Village,M100000US3983580,2015,Solar,Capacity,7.6
West Jefferson Village,M100000US3983580,2020,Solar,Capacity,7.7
West Jefferson Village,M100000US3983580,2021,Solar,Capacity,6.38
West Jefferson Village,M100000US3983580,2022,Solar,Capacity,14.64
West Jefferson Village,M100000US3983580,2023,Solar,Capacity,3975.0
West Jefferson Village,M100000US3983580,2024,Solar,Capacity,24.85
West Liberty Village,M100000US3983734,2019,Solar,Capacity,11.4
West Liberty Village,M100000US3983734,2021,Solar,Capacity,3.8
West Liberty Village,M100000US3983734,2023,Solar,Capacity,4.4
West Mansfield Village,M100000US3983818,2019,Solar,Capacity,5.0
West Mansfield Village,M100000US3983818,2021,Solar,Capacity,6.93
West Mansfield Village,M100000US3983818,2023,Solar,Capacity,15.600000000000001
Whitehall City,M100000US3984742,2011,Solar,Capacity,40.0
Whitehall City,M100000US3984742,2014,Solar,Capacity,4.8
Whitehall City,M100000US3984742,2016,Solar,Capacity,7.0
Whitehall City,M100000US3984742,2018,Solar,Capacity,180.1
Whitehall City,M100000US3984742,2020,Solar,Capacity,30.299999999999997
Whitehall City,M100000US3984742,2021,Solar,Capacity,36.17
Whitehall City,M100000US3984742,2022,Solar,Capacity,85.85
Whitehall City,M100000US3984742,2023,Energy Storage,Capacity,5.0
Whitehall City,M100000US3984742,2023,Solar,Capacity,71.39999999999999
Whitehall City,M100000US3984742,2024,Solar,Capacity,260.59
Worthington City,M100000US3986604,2010,Solar,Capacity,75.30000000000001
Worthington City,M100000US3986604,2012,Solar,Capacity,5.58
Worthington City,M100000US3986604,2013,Solar,Capacity,5.8
Worthington City,M100000US3986604,2014,Solar,Capacity,13.0
Worthington City,M100000US3986604,2015,Solar,Capacity,12.3
Worthington City,M100000US3986604,2016,Solar,Capacity,33.45
Worthington City,M100000US3986604,2017,Solar,Capacity,67.5
Worthington City,M100000US3986604,2018,Solar,Capacity,31.9
Worthington City,M100000US3986604,2019,Solar,Capacity,53.3
Worthington City,M100000US3986604,2020,Solar,Capacity,52.8
Worthington City,M100000US3986604,2021,Solar,Capacity,106.024
Worthington City,M100000US3986604,2022,Solar,Capacity,310.33
Worthington City,M100000US3986604,2023,Energy Storage,Capacity,3.84
Worthington City,M100000US3986604,2023,Solar,Capacity,333.34000000000003
Worthington City,M100000US3986604,2024,Solar,Capacity,61.982
Delaware,0500000US39041,2004,Wind,Capacity,1.0
Delaware,0500000US39041,2006,Solar,Capacity,6.720000000000001
Delaware,0500000US39041,2009,Solar,Capacity,14.850000000000001
Delaware,0500000US39041,2009,Wind,Capacity,10.0
Delaware,0500000US39041,2010,Solar,Capacity,10.0
Delaware,0500000US39041,2010,Wind,Capacity,15.0
Delaware,0500000US39041,2012,Solar,Capacity,84.7
Delaware,0500000US39041,2013,Energy Storage,Capacity,4000.0
Delaware,0500000US39041,2013,Solar,Capacity,72.895
Delaware,0500000US39041,2014,Solar,Capacity,561.8
Delaware,0500000US39041,2015,Solar,Capacity,135.1
Delaware,0500000US39041,2016,Solar,Capacity,232.1
Delaware,0500000US39041,2017,Solar,Capacity,1228.5
Delaware,0500000US39041,2018,Solar,Capacity,275.6
Delaware,0500000US39041,2019,Solar,Capacity,11823.810000000001
Delaware,0500000US39041,2020,Energy Storage,Capacity,565.0
Delaware,0500000US39041,2020,Solar,Capacity,779.7
Delaware,0500000US39041,2021,Energy Storage,Capacity,17.68
Delaware,0500000US39041,2021,Solar,Capacity,988.529
Delaware,0500000US39041,2022,Energy Storage,Capacity,21.52
Delaware,0500000US39041,2022,Solar,Capacity,1369.026
Delaware,0500000US39041,2023,Energy Storage,Capacity,75.68
Delaware,0500000US39041,2023,Solar,Capacity,1884.959
Delaware,0500000US39041,2024,Energy Storage,Capacity,1049.6799999999998
Delaware,0500000US39041,2024,Solar,Capacity,2559.572
Fairfield,0500000US39045,2010,Solar,Capacity,18.4
Fairfield,0500000US39045,2011,Solar,Capacity,38.7
Fairfield,0500000US39045,2012,Solar,Capacity,21.0
Fairfield,0500000US39045,2012,Wind,Capacity,1.5
Fairfield,0500000US39045,2013,Solar,Capacity,32.4
Fairfield,0500000US39045,2015,Solar,Capacity,18.3
Fairfield,0500000US39045,2016,Solar,Capacity,23.6
Fairfield,0500000US39045,2017,Solar,Capacity,50.0
Fairfield,0500000US39045,2018,Solar,Capacity,32.0
Fairfield,0500000US39045,2019,Solar,Capacity,156.88
Fairfield,0500000US39045,2020,Solar,Capacity,131.3
Fairfield,0500000US39045,2021,Solar,Capacity,266.945
Fairfield,0500000US39045,2022,Energy Storage,Capacity,3.84
Fairfield,0500000US39045,2022,Solar,Capacity,341.29
Fairfield,0500000US39045,2023,Energy Storage,Capacity,7.24
Fairfield,0500000US39045,2023,Solar,Capacity,337.45
Fairfield,0500000US39045,2024,Energy Storage,Capacity,442.0
Fairfield,0500000US39045,2024,Solar,Capacity,538.73
Fayette,0500000US39047,2009,Solar,Capacity,7.05
Fayette,0500000US39047,2010,Solar,Capacity,7.0
Fayette,0500000US39047,2011,Solar,Capacity,332.0
Fayette,0500000US39047,2012,Solar,Capacity,49.69
Fayette,0500000US39047,2014,Solar,Capacity,15.54
Fayette,0500000US39047,2015,Solar,Capacity,21.095
Fayette,0500000US39047,2016,Solar,Capacity,6.0
Fayette,0500000US39047,2018,Solar,Capacity,13.54
Fayette,0500000US39047,2019,Solar,Capacity,56.435
Fayette,0500000US39047,2020,Solar,Capacity,44.44
Fayette,0500000US39047,2021,Solar,Capacity,108.54
Fayette,0500000US39047,2022,Solar,Capacity,117.89999999999999
Fayette,0500000US39047,2023,Solar,Capacity,70.91
Fayette,0500000US39047,2024,Solar,Capacity,101.668
Franklin,0500000US39049,2000,Wind,Capacity,10.0
Franklin,0500000US39049,2001,Wind,Capacity,18.0
Franklin,0500000US39049,2006,Solar,Capacity,4.640000000000001
Franklin,0500000US39049,2007,Solar,Capacity,23.65
Franklin,0500000US39049,2008,Solar,Capacity,1.3
Franklin,0500000US39049,2009,Solar,Capacity,51.9
Franklin,0500000US39049,2010,Solar,Capacity,362.39
Franklin,0500000US39049,2010,Wind,Capacity,100.0
Franklin,0500000US39049,2011,Solar,Capacity,1159.102
Franklin,0500000US39049,2012,Solar,Capacity,2098.18
Franklin,0500000US39049,2013,Solar,Capacity,1292.1
Franklin,0500000US39049,2013,Wind,Capacity,30.0
Franklin,0500000US39049,2014,Solar,Capacity,161.517
Franklin,0500000US39049,2015,Natural Gas/Propane,Capacity,248.0
Franklin,0500000US39049,2015,Solar,Capacity,912.92
Franklin,0500000US39049,2016,Solar,Capacity,1045.765
Franklin,0500000US39049,2017,Energy Storage,Capacity,100.0
Franklin,0500000US39049,2017,Solar,Capacity,694.03
Franklin,0500000US39049,2018,Solar,Capacity,1471.54
Franklin,0500000US39049,2019,Energy Storage,Capacity,250.0
Franklin,0500000US39049,2019,Solar,Capacity,1747.26
Franklin,0500000US39049,2020,Energy Storage,Capacity,20.0
Franklin,0500000US39049,2020,Solar,Capacity,2656.595
Franklin,0500000US39049,2021,Energy Storage,Capacity,52.92
Franklin,0500000US39049,2021,Solar,Capacity,5294.718
Franklin,0500000US39049,2022,Energy Storage,Capacity,93.2
Franklin,0500000US39049,2022,Solar,Capacity,6331.55
Franklin,0500000US39049,2023,Energy Storage,Capacity,274.54
Franklin,0500000US39049,2023,Natural Gas/Propane,Capacity,3624.0
Franklin,0500000US39049,2023,Solar,Capacity,14616.724
Franklin,0500000US39049,2024,Energy Storage,Capacity,126.36
Franklin,0500000US39049,2024,Solar,Capacity,12480.448
Hocking,0500000US39073,2005,Solar,Capacity,1.65
Hocking,0500000US39073,2005,Wind,Capacity,8.0
Hocking,0500000US39073,2010,Solar,Capacity,31.4
Hocking,0500000US39073,2010,Wind,Capacity,2.4
Hocking,0500000US39073,2011,Solar,Capacity,15.1
Hocking,0500000US39073,2012,Solar,Capacity,9.7
Hocking,0500000US39073,2013,Solar,Capacity,17.6
Hocking,0500000US39073,2014,Solar,Capacity,12.0
Hocking,0500000US39073,2015,Solar,Capacity,10.0
Hocking,0500000US39073,2016,Solar,Capacity,10.0
Hocking,0500000US39073,2017,Solar,Capacity,20.9
Hocking,0500000US39073,2018,Solar,Capacity,54.9
Hocking,0500000US39073,2019,Solar,Capacity,128.9
Hocking,0500000US39073,2020,Solar,Capacity,52.5
Hocking,0500000US39073,2021,Solar,Capacity,211.73
Hocking,0500000US39073,2022,Solar,Capacity,47.1
Hocking,0500000US39073,2023,Energy Storage,Capacity,7.0
Hocking,0500000US39073,2023,Solar,Capacity,68.634
Hocking,0500000US39073,2024,Solar,Capacity,78.548
Knox,0500000US39083,2007,Solar,Capacity,6.0
Knox,0500000US39083,2011,Solar,Capacity,1.7
Knox,0500000US39083,2012,Solar,Capacity,1400.0
Knox,0500000US39083,2013,Solar,Capacity,13.2
Knox,0500000US39083,2014,Solar,Capacity,84.2
Knox,0500000US39083,2015,Solar,Capacity,40.9
Knox,0500000US39083,2016,Solar,Capacity,55.0
Knox,0500000US39083,2017,Solar,Capacity,47.6
Knox,0500000US39083,2018,Solar,Capacity,167.7
Knox,0500000US39083,2019,Solar,Capacity,170.0
Knox,0500000US39083,2020,Solar,Capacity,261.59999999999997
Knox,0500000US39083,2021,Solar,Capacity,141.21
Knox,0500000US39083,2022,Energy Storage,Capacity,3.84
Knox,0500000US39083,2022,Solar,Capacity,279.46
Knox,0500000US39083,2023,Energy Storage,Capacity,19.2
Knox,0500000US39083,2023,Solar,Capacity,394.772
Knox,0500000US39083,2024,Energy Storage,Capacity,3.84
Knox,0500000US39083,2024,Solar,Capacity,353.51
Licking,0500000US39089,2006,Solar,Capacity,2.5
Licking,0500000US39089,2008,Solar,Capacity,61.0
Licking,0500000US39089,2009,Solar,Capacity,3.6
Licking,0500000US39089,2010,Solar,Capacity,9.0
Licking,0500000US39089,2010,Wind,Capacity,2.4
Licking,0500000US39089,2011,Solar,Capacity,19.1
Licking,0500000US39089,2012,Solar,Capacity,52.519999999999996
Licking,0500000US39089,2013,Solar,Capacity,42.5
Licking,0500000US39089,2014,Solar,Capacity,870.4
Licking,0500000US39089,2015,Solar,Capacity,109.3
Licking,0500000US39089,2016,Solar,Capacity,33.1
Licking,0500000US39089,2017,Solar,Capacity,2793.1400000000003
Licking,0500000US39089,2018,Solar,Capacity,238.65
Licking,0500000US39089,2019,Solar,Capacity,455.5
Licking,0500000US39089,2020,Energy Storage,Capacity,15.0
Licking,0500000US39089,2020,Solar,Capacity,453.96
Licking,0500000US39089,2021,Solar,Capacity,728.008
Licking,0500000US39089,2022,Solar,Capacity,787.1759999999999
Licking,0500000US39089,2023,Energy Storage,Capacity,29.93
Licking,0500000US39089,2023,Natural Gas/Propane,Capacity,1180.0
Licking,0500000US39089,2023,Solar,Capacity,1222.323
Licking,0500000US39089,2024,Energy Storage,Capacity,27.68
Licking,0500000US39089,2024,Solar,Capacity,2373.2019999999998
Logan,0500000US39091,2010,Wind,Capacity,16.0
Logan,0500000US39091,2011,Solar,Capacity,30.0
Logan,0500000US39091,2012,Solar,Capacity,1.7
Logan,0500000US39091,2013,Solar,Capacity,9.46
Logan,0500000US39091,2015,Solar,Capacity,8.0
Logan,0500000US39091,2017,Solar,Capacity,12.0
Logan,0500000US39091,2018,Solar,Capacity,15.2
Logan,0500000US39091,2019,Solar,Capacity,66.42
Logan,0500000US39091,2020,Solar,Capacity,65.51
Logan,0500000US39091,2021,Solar,Capacity,55.48
Logan,0500000US39091,2022,Solar,Capacity,108.38
Logan,0500000US39091,2023,Solar,Capacity,139.945
Logan,0500000US39091,2024,Solar,Capacity,91.36
Madison,0500000US39097,2008,Solar,Capacity,7.0
Madison,0500000US39097,2008,Wind,Capacity,1.8
Madison,0500000US39097,2010,Solar,Capacity,77.04
Madison,0500000US39097,2010,Wind,Capacity,26.0
Madison,0500000US39097,2011,Solar,Capacity,130.39
Madison,0500000US39097,2012,Solar,Capacity,3129.04
Madison,0500000US39097,2013,Solar,Capacity,144.8
Madison,0500000US39097,2014,Solar,Capacity,11.0
Madison,0500000US39097,2015,Solar,Capacity,31.6
Madison,0500000US39097,2016,Solar,Capacity,163.66000000000003
Madison,0500000US39097,2017,Solar,Capacity,41.45
Madison,0500000US39097,2018,Solar,Capacity,72.8
Madison,0500000US39097,2019,Solar,Capacity,177.49
Madison,0500000US39097,2020,Solar,Capacity,161.73
Madison,0500000US39097,2021,Solar,Capacity,147.224
Madison,0500000US39097,2022,Energy Storage,Capacity,5.0
Madison,0500000US39097,2022,Solar,Capacity,226.31
Madison,0500000US39097,2023,Energy Storage,Capacity,7.6
Madison,0500000US39097,2023,Solar,Capacity,4271.835
Madison,0500000US39097,2024,Solar,Capacity,1445.53
Marion,0500000US39101,2009,Wind,Capacity,2.4
Marion,0500000US39101,2011,Solar,Capacity,51.0
Marion,0500000US39101,2011,Wind,Capacity,2.4
Marion,0500000US39101,2012,Solar,Capacity,5.9
Marion,0500000US39101,2013,Solar,Capacity,40.0
Marion,0500000US39101,2014,Solar,Capacity,19.0
Marion,0500000US39101,2015,Solar,Capacity,31.9
Marion,0500000US39101,2016,Solar,Capacity,40.4
Marion,0500000US39101,2017,Solar,Capacity,43.9
Marion,0500000US39101,2017,Waste Gas,Capacity,3500.0
Marion,0500000US39101,2018,Solar,Capacity,42.7
Marion,0500000US39101,2018,Wind,Capacity,4500.0
Marion,0500000US39101,2019,Solar,Capacity,92.0
Marion,0500000US39101,2020,Solar,Capacity,51.56
Marion,0500000US39101,2021,Solar,Capacity,99.9
Marion,0500000US39101,2022,Energy Storage,Capacity,0.0
Marion,0500000US39101,2022,Solar,Capacity,186.98999999999998
Marion,0500000US39101,2023,Solar,Capacity,126.78
Marion,0500000US39101,2024,Solar,Capacity,141.27
Morrow,0500000US39117,2009,Wind,Capacity,35.4
Morrow,0500000US39117,2014,Solar,Capacity,511.4
Morrow,0500000US39117,2015,Solar,Capacity,22.6
Morrow,0500000US39117,2016,Solar,Capacity,29.6
Morrow,0500000US39117,2017,Solar,Capacity,7.6
Morrow,0500000US39117,2018,Solar,Capacity,47.375
Morrow,0500000US39117,2019,Solar,Capacity,95.82
Morrow,0500000US39117,2020,Solar,Capacity,66.16
Morrow,0500000US39117,2021,Solar,Capacity,85.71
Morrow,0500000US39117,2022,Energy Storage,Capacity,3.84
Morrow,0500000US39117,2022,Solar,Capacity,76.53999999999999
Morrow,0500000US39117,2023,Energy Storage,Capacity,12.68
Morrow,0500000US39117,2023,Solar,Capacity,75.38
Morrow,0500000US39117,2024,Solar,Capacity,71.42999999999999
Perry,0500000US39127,2013,Solar,Capacity,4.1
Perry,0500000US39127,2014,Solar,Capacity,9.0
Perry,0500000US39127,2015,Solar,Capacity,31.0
Perry,0500000US39127,2016,Solar,Capacity,13.8
Perry,0500000US39127,2018,Solar,Capacity,41.4
Perry,0500000US39127,2019,Solar,Capacity,63.1
Perry,0500000US39127,2020,Solar,Capacity,49.0
Perry,0500000US39127,2021,Solar,Capacity,124.23299999999999
Perry,0500000US39127,2022,Solar,Capacity,150.03
Perry,0500000US39127,2023,Solar,Capacity,27.96
Perry,0500000US39127,2024,Energy Storage,Capacity,7.68
Perry,0500000US39127,2024,Solar,Capacity,74.607
Pickaway,0500000US39129,2012,Solar,Capacity,4.8
Pickaway,0500000US39129,2013,Solar,Capacity,14.0
Pickaway,0500000US39129,2016,Solar,Capacity,6.0
Pickaway,0500000US39129,2017,Solar,Capacity,6.0
Pickaway,0500000US39129,2018,Natural Gas/Propane,Capacity,15036.0
Pickaway,0500000US39129,2018,Solar,Capacity,12.3
Pickaway,0500000US39129,2019,Solar,Capacity,47.099999999999994
Pickaway,0500000US39129,2020,Solar,Capacity,31.04
Pickaway,0500000US39129,2021,Energy Storage,Capacity,7.68
Pickaway,0500000US39129,2021,Solar,Capacity,76.445
Pickaway,0500000US39129,2022,Solar,Capacity,94.65
Pickaway,0500000US39129,2023,Energy Storage,Capacity,4.8
Pickaway,0500000US39129,2023,Solar,Capacity,136.77
Pickaway,0500000US39129,2024,Solar,Capacity,96.24600000000001
Ross,0500000US39141,2007,Solar,Capacity,3.0
Ross,0500000US39141,2011,Solar,Capacity,30.0
Ross,0500000US39141,2013,Biofuel,Capacity,400.0
Ross,0500000US39141,2013,Solar,Capacity,7.3
Ross,0500000US39141,2015,Solar,Capacity,62.199999999999996
Ross,0500000US39141,2018,Solar,Capacity,53.5
Ross,0500000US39141,2019,Solar,Capacity,61.66
Ross,0500000US39141,2020,Solar,Capacity,95.1
Ross,0500000US39141,2021,Solar,Capacity,179.76
Ross,0500000US39141,2022,Energy Storage,Capacity,11.52
Ross,0500000US39141,2022,Solar,Capacity,187.26
Ross,0500000US39141,2023,Solar,Capacity,147.91
Ross,0500000US39141,2024,Solar,Capacity,175.68
Union,0500000US39159,2011,Solar,Capacity,10.254999999999999
Union,0500000US39159,2015,Solar,Capacity,9.01
Union,0500000US39159,2016,Solar,Capacity,5.44
Union,0500000US39159,2017,Solar,Capacity,25.4
Union,0500000US39159,2018,Solar,Capacity,44.72
Union,0500000US39159,2019,Solar,Capacity,44.935
Union,0500000US39159,2020,Solar,Capacity,112.1
Union,0500000US39159,2021,Solar,Capacity,119.59
Union,0500000US39159,2022,Energy Storage,Capacity,0.0
Union,0500000US39159,2022,Solar,Capacity,245.164
Union,0500000US39159,2023,Solar,Capacity,293.22
Union,0500000US39159,2024,Solar,Capacity,216.70499999999998
15-County Region,M010000US001,2000,Wind,Capacity,10.0
15-County Region,M010000US001,2001,Wind,Capacity,18.0
15-County Region,M010000US001,2004,Wind,Capacity,1.0
15-County Region,M010000US001,2005,Solar,Capacity,1.65
15-County Region,M010000US001,2005,Wind,Capacity,8.0
15-County Region,M010000US001,2006,Solar,Capacity,13.86
15-County Region,M010000US001,2007,Solar,Capacity,32.65
15-County Region,M010000US001,2008,Solar,Capacity,69.3
15-County Region,M010000US001,2008,Wind,Capacity,1.8
15-County Region,M010000US001,2009,Solar,Capacity,77.4
15-County Region,M010000US001,2009,Wind,Capacity,47.8
15-County Region,M010000US001,2010,Solar,Capacity,515.23
15-County Region,M010000US001,2010,Wind,Capacity,161.8
15-County Region,M010000US001,2011,Solar,Capacity,1817.347
15-County Region,M010000US001,2011,Wind,Capacity,2.4
15-County Region,M010000US001,2012,Solar,Capacity,6857.23
15-County Region,M010000US001,2012,Wind,Capacity,1.5
15-County Region,M010000US001,2013,Biofuel,Capacity,400.0
15-County Region,M010000US001,2013,Energy Storage,Capacity,4000.0
15-County Region,M010000US001,2013,Solar,Capacity,1690.355
15-County Region,M010000US001,2013,Wind,Capacity,30.0
15-County Region,M010000US001,2014,Solar,Capacity,2255.857
15-County Region,M010000US001,2015,Natural Gas/Propane,Capacity,248.0
15-County Region,M010000US001,2015,Solar,Capacity,1443.925
15-County Region,M010000US001,2016,Solar,Capacity,1664.465
15-County Region,M010000US001,2017,Energy Storage,Capacity,100.0
15-County Region,M010000US001,2017,Solar,Capacity,4970.52
15-County Region,M010000US001,2017,Waste Gas,Capacity,3500.0
15-County Region,M010000US001,2018,Natural Gas/Propane,Capacity,15036.0
15-County Region,M010000US001,2018,Solar,Capacity,2583.925
15-County Region,M010000US001,2018,Wind,Capacity,4500.0
15-County Region,M010000US001,2019,Energy Storage,Capacity,250.0
15-County Region,M010000US001,2019,Solar,Capacity,15187.31
15-County Region,M010000US001,2020,Energy Storage,Capacity,600.0
15-County Region,M010000US001,2020,Solar,Capacity,5012.295
15-County Region,M010000US001,2021,Energy Storage,Capacity,78.28
15-County Region,M010000US001,2021,Solar,Capacity,8628.021999999999
15-County Region,M010000US001,2022,Energy Storage,Capacity,142.76
15-County Region,M010000US001,2022,Solar,Capacity,10548.826
15-County Region,M010000US001,2023,Energy Storage,Capacity,438.67
15-County Region,M010000US001,2023,Natural Gas/Propane,Capacity,4804.0
15-County Region,M010000US001,2023,Solar,Capacity,23815.572
15-County Region,M010000US001,2024,Energy Storage,Capacity,1657.24
15-County Region,M010000US001,2024,Solar,Capacity,20798.506
